bab,nomor_tabel,judul_tabel,wilayah,indikator,satuan,nilai_num,nilai_teks,flag,sumber
Geografi,1.1.1,"Luas Daerah dan Jumlah Pulau Menurut Kecamatan, 2025",Cipatujah,Luas Daerah,km2,241.99,"241,99",ada,"Data Hasil Podes 2021, diolah"
Geografi,1.1.1,"Luas Daerah dan Jumlah Pulau Menurut Kecamatan, 2025",Cipatujah,Jumlah Pulau,pulau,,-,nihil,"Data Hasil Podes 2021, diolah"
Geografi,1.1.1,"Luas Daerah dan Jumlah Pulau Menurut Kecamatan, 2025",Karangnunggal,Luas Daerah,km2,153.26,"153,26",ada,"Data Hasil Podes 2021, diolah"
Geografi,1.1.1,"Luas Daerah dan Jumlah Pulau Menurut Kecamatan, 2025",Karangnunggal,Jumlah Pulau,pulau,,-,nihil,"Data Hasil Podes 2021, diolah"
Geografi,1.1.1,"Luas Daerah dan Jumlah Pulau Menurut Kecamatan, 2025",Cikalong,Luas Daerah,km2,160.88,"160,88",ada,"Data Hasil Podes 2021, diolah"
Geografi,1.1.1,"Luas Daerah dan Jumlah Pulau Menurut Kecamatan, 2025",Cikalong,Jumlah Pulau,pulau,,-,nihil,"Data Hasil Podes 2021, diolah"
Geografi,1.1.1,"Luas Daerah dan Jumlah Pulau Menurut Kecamatan, 2025",Pancatengah,Luas Daerah,km2,162.11,"162,11",ada,"Data Hasil Podes 2021, diolah"
Geografi,1.1.1,"Luas Daerah dan Jumlah Pulau Menurut Kecamatan, 2025",Pancatengah,Jumlah Pulau,pulau,,-,nihil,"Data Hasil Podes 2021, diolah"
Geografi,1.1.1,"Luas Daerah dan Jumlah Pulau Menurut Kecamatan, 2025",Cikatomas,Luas Daerah,km2,142.21,"142,21",ada,"Data Hasil Podes 2021, diolah"
Geografi,1.1.1,"Luas Daerah dan Jumlah Pulau Menurut Kecamatan, 2025",Cikatomas,Jumlah Pulau,pulau,,-,nihil,"Data Hasil Podes 2021, diolah"
Geografi,1.1.1,"Luas Daerah dan Jumlah Pulau Menurut Kecamatan, 2025",Cibalong,Luas Daerah,km2,61.74,"61,74",ada,"Data Hasil Podes 2021, diolah"
Geografi,1.1.1,"Luas Daerah dan Jumlah Pulau Menurut Kecamatan, 2025",Cibalong,Jumlah Pulau,pulau,,-,nihil,"Data Hasil Podes 2021, diolah"
Geografi,1.1.1,"Luas Daerah dan Jumlah Pulau Menurut Kecamatan, 2025",Parungponteng,Luas Daerah,km2,50.5,"50,50",ada,"Data Hasil Podes 2021, diolah"
Geografi,1.1.1,"Luas Daerah dan Jumlah Pulau Menurut Kecamatan, 2025",Parungponteng,Jumlah Pulau,pulau,,-,nihil,"Data Hasil Podes 2021, diolah"
Geografi,1.1.1,"Luas Daerah dan Jumlah Pulau Menurut Kecamatan, 2025",Bantarkalong,Luas Daerah,km2,64.15,"64,15",ada,"Data Hasil Podes 2021, diolah"
Geografi,1.1.1,"Luas Daerah dan Jumlah Pulau Menurut Kecamatan, 2025",Bantarkalong,Jumlah Pulau,pulau,,-,nihil,"Data Hasil Podes 2021, diolah"
Geografi,1.1.1,"Luas Daerah dan Jumlah Pulau Menurut Kecamatan, 2025",Bojongasih,Luas Daerah,km2,51.86,"51,86",ada,"Data Hasil Podes 2021, diolah"
Geografi,1.1.1,"Luas Daerah dan Jumlah Pulau Menurut Kecamatan, 2025",Bojongasih,Jumlah Pulau,pulau,,-,nihil,"Data Hasil Podes 2021, diolah"
Geografi,1.1.1,"Luas Daerah dan Jumlah Pulau Menurut Kecamatan, 2025",Culamega,Luas Daerah,km2,86.29,"86,29",ada,"Data Hasil Podes 2021, diolah"
Geografi,1.1.1,"Luas Daerah dan Jumlah Pulau Menurut Kecamatan, 2025",Culamega,Jumlah Pulau,pulau,,-,nihil,"Data Hasil Podes 2021, diolah"
Geografi,1.1.1,"Luas Daerah dan Jumlah Pulau Menurut Kecamatan, 2025",Bojonggambir,Luas Daerah,km2,126.82,"126,82",ada,"Data Hasil Podes 2021, diolah"
Geografi,1.1.1,"Luas Daerah dan Jumlah Pulau Menurut Kecamatan, 2025",Bojonggambir,Jumlah Pulau,pulau,,-,nihil,"Data Hasil Podes 2021, diolah"
Geografi,1.1.1,"Luas Daerah dan Jumlah Pulau Menurut Kecamatan, 2025",Sodonghilir,Luas Daerah,km2,101.53,"101,53",ada,"Data Hasil Podes 2021, diolah"
Geografi,1.1.1,"Luas Daerah dan Jumlah Pulau Menurut Kecamatan, 2025",Sodonghilir,Jumlah Pulau,pulau,,-,nihil,"Data Hasil Podes 2021, diolah"
Geografi,1.1.1,"Luas Daerah dan Jumlah Pulau Menurut Kecamatan, 2025",Taraju,Luas Daerah,km2,62.99,"62,99",ada,"Data Hasil Podes 2021, diolah"
Geografi,1.1.1,"Luas Daerah dan Jumlah Pulau Menurut Kecamatan, 2025",Taraju,Jumlah Pulau,pulau,,-,nihil,"Data Hasil Podes 2021, diolah"
Geografi,1.1.1,"Luas Daerah dan Jumlah Pulau Menurut Kecamatan, 2025",Salawu,Luas Daerah,km2,70.27,"70,27",ada,"Data Hasil Podes 2021, diolah"
Geografi,1.1.1,"Luas Daerah dan Jumlah Pulau Menurut Kecamatan, 2025",Salawu,Jumlah Pulau,pulau,,-,nihil,"Data Hasil Podes 2021, diolah"
Geografi,1.1.1,"Luas Daerah dan Jumlah Pulau Menurut Kecamatan, 2025",Puspahiang,Luas Daerah,km2,57.65,"57,65",ada,"Data Hasil Podes 2021, diolah"
Geografi,1.1.1,"Luas Daerah dan Jumlah Pulau Menurut Kecamatan, 2025",Puspahiang,Jumlah Pulau,pulau,,-,nihil,"Data Hasil Podes 2021, diolah"
Geografi,1.1.1,"Luas Daerah dan Jumlah Pulau Menurut Kecamatan, 2025",Tanjungjaya,Luas Daerah,km2,39.11,"39,11",ada,"Data Hasil Podes 2021, diolah"
Geografi,1.1.1,"Luas Daerah dan Jumlah Pulau Menurut Kecamatan, 2025",Tanjungjaya,Jumlah Pulau,pulau,,-,nihil,"Data Hasil Podes 2021, diolah"
Geografi,1.1.1,"Luas Daerah dan Jumlah Pulau Menurut Kecamatan, 2025",Sukaraja,Luas Daerah,km2,46.48,"46,48",ada,"Data Hasil Podes 2021, diolah"
Geografi,1.1.1,"Luas Daerah dan Jumlah Pulau Menurut Kecamatan, 2025",Sukaraja,Jumlah Pulau,pulau,,-,nihil,"Data Hasil Podes 2021, diolah"
Geografi,1.1.1,"Luas Daerah dan Jumlah Pulau Menurut Kecamatan, 2025",Salopa,Luas Daerah,km2,105.01,"105,01",ada,"Data Hasil Podes 2021, diolah"
Geografi,1.1.1,"Luas Daerah dan Jumlah Pulau Menurut Kecamatan, 2025",Salopa,Jumlah Pulau,pulau,,-,nihil,"Data Hasil Podes 2021, diolah"
Geografi,1.1.1,"Luas Daerah dan Jumlah Pulau Menurut Kecamatan, 2025",Jatiwaras,Luas Daerah,km2,89.06,"89,06",ada,"Data Hasil Podes 2021, diolah"
Geografi,1.1.1,"Luas Daerah dan Jumlah Pulau Menurut Kecamatan, 2025",Jatiwaras,Jumlah Pulau,pulau,,-,nihil,"Data Hasil Podes 2021, diolah"
Geografi,1.1.1,"Luas Daerah dan Jumlah Pulau Menurut Kecamatan, 2025",Cineam,Luas Daerah,km2,74.13,"74,13",ada,"Data Hasil Podes 2021, diolah"
Geografi,1.1.1,"Luas Daerah dan Jumlah Pulau Menurut Kecamatan, 2025",Cineam,Jumlah Pulau,pulau,,-,nihil,"Data Hasil Podes 2021, diolah"
Geografi,1.1.1,"Luas Daerah dan Jumlah Pulau Menurut Kecamatan, 2025",Karangjaya,Luas Daerah,km2,45.98,"45,98",ada,"Data Hasil Podes 2021, diolah"
Geografi,1.1.1,"Luas Daerah dan Jumlah Pulau Menurut Kecamatan, 2025",Karangjaya,Jumlah Pulau,pulau,,-,nihil,"Data Hasil Podes 2021, diolah"
Geografi,1.1.1,"Luas Daerah dan Jumlah Pulau Menurut Kecamatan, 2025",Manonjaya,Luas Daerah,km2,43.44,"43,44",ada,"Data Hasil Podes 2021, diolah"
Geografi,1.1.1,"Luas Daerah dan Jumlah Pulau Menurut Kecamatan, 2025",Manonjaya,Jumlah Pulau,pulau,,-,nihil,"Data Hasil Podes 2021, diolah"
Geografi,1.1.1,"Luas Daerah dan Jumlah Pulau Menurut Kecamatan, 2025",Gunungtanjung,Luas Daerah,km2,47.78,"47,78",ada,"Data Hasil Podes 2021, diolah"
Geografi,1.1.1,"Luas Daerah dan Jumlah Pulau Menurut Kecamatan, 2025",Gunungtanjung,Jumlah Pulau,pulau,,-,nihil,"Data Hasil Podes 2021, diolah"
Geografi,1.1.1,"Luas Daerah dan Jumlah Pulau Menurut Kecamatan, 2025",Singaparna,Luas Daerah,km2,20.11,"20,11",ada,"Data Hasil Podes 2021, diolah"
Geografi,1.1.1,"Luas Daerah dan Jumlah Pulau Menurut Kecamatan, 2025",Singaparna,Jumlah Pulau,pulau,,-,nihil,"Data Hasil Podes 2021, diolah"
Geografi,1.1.1,"Luas Daerah dan Jumlah Pulau Menurut Kecamatan, 2025",Sukarame,Luas Daerah,km2,16.17,"16,17",ada,"Data Hasil Podes 2021, diolah"
Geografi,1.1.1,"Luas Daerah dan Jumlah Pulau Menurut Kecamatan, 2025",Sukarame,Jumlah Pulau,pulau,,-,nihil,"Data Hasil Podes 2021, diolah"
Geografi,1.1.1,"Luas Daerah dan Jumlah Pulau Menurut Kecamatan, 2025",Mangunreja,Luas Daerah,km2,26.72,"26,72",ada,"Data Hasil Podes 2021, diolah"
Geografi,1.1.1,"Luas Daerah dan Jumlah Pulau Menurut Kecamatan, 2025",Mangunreja,Jumlah Pulau,pulau,,-,nihil,"Data Hasil Podes 2021, diolah"
Geografi,1.1.1,"Luas Daerah dan Jumlah Pulau Menurut Kecamatan, 2025",Cigalontang,Luas Daerah,km2,145.67,"145,67",ada,"Data Hasil Podes 2021, diolah"
Geografi,1.1.1,"Luas Daerah dan Jumlah Pulau Menurut Kecamatan, 2025",Cigalontang,Jumlah Pulau,pulau,,-,nihil,"Data Hasil Podes 2021, diolah"
Geografi,1.1.1,"Luas Daerah dan Jumlah Pulau Menurut Kecamatan, 2025",Leuwisari,Luas Daerah,km2,31.17,"31,17",ada,"Data Hasil Podes 2021, diolah"
Geografi,1.1.1,"Luas Daerah dan Jumlah Pulau Menurut Kecamatan, 2025",Leuwisari,Jumlah Pulau,pulau,,-,nihil,"Data Hasil Podes 2021, diolah"
Geografi,1.1.1,"Luas Daerah dan Jumlah Pulau Menurut Kecamatan, 2025",Sariwangi,Luas Daerah,km2,38.55,"38,55",ada,"Data Hasil Podes 2021, diolah"
Geografi,1.1.1,"Luas Daerah dan Jumlah Pulau Menurut Kecamatan, 2025",Sariwangi,Jumlah Pulau,pulau,,-,nihil,"Data Hasil Podes 2021, diolah"
Geografi,1.1.1,"Luas Daerah dan Jumlah Pulau Menurut Kecamatan, 2025",Padakembang,Luas Daerah,km2,19.55,"19,55",ada,"Data Hasil Podes 2021, diolah"
Geografi,1.1.1,"Luas Daerah dan Jumlah Pulau Menurut Kecamatan, 2025",Padakembang,Jumlah Pulau,pulau,,-,nihil,"Data Hasil Podes 2021, diolah"
Geografi,1.1.1,"Luas Daerah dan Jumlah Pulau Menurut Kecamatan, 2025",Sukaratu,Luas Daerah,km2,42.72,"42,72",ada,"Data Hasil Podes 2021, diolah"
Geografi,1.1.1,"Luas Daerah dan Jumlah Pulau Menurut Kecamatan, 2025",Sukaratu,Jumlah Pulau,pulau,,-,nihil,"Data Hasil Podes 2021, diolah"
Geografi,1.1.1,"Luas Daerah dan Jumlah Pulau Menurut Kecamatan, 2025",Cisayong,Luas Daerah,km2,50.32,"50,32",ada,"Data Hasil Podes 2021, diolah"
Geografi,1.1.1,"Luas Daerah dan Jumlah Pulau Menurut Kecamatan, 2025",Cisayong,Jumlah Pulau,pulau,,-,nihil,"Data Hasil Podes 2021, diolah"
Geografi,1.1.1,"Luas Daerah dan Jumlah Pulau Menurut Kecamatan, 2025",Sukahening,Luas Daerah,km2,28.91,"28,91",ada,"Data Hasil Podes 2021, diolah"
Geografi,1.1.1,"Luas Daerah dan Jumlah Pulau Menurut Kecamatan, 2025",Sukahening,Jumlah Pulau,pulau,,-,nihil,"Data Hasil Podes 2021, diolah"
Geografi,1.1.1,"Luas Daerah dan Jumlah Pulau Menurut Kecamatan, 2025",Rajapolah,Luas Daerah,km2,16.4,"16,40",ada,"Data Hasil Podes 2021, diolah"
Geografi,1.1.1,"Luas Daerah dan Jumlah Pulau Menurut Kecamatan, 2025",Rajapolah,Jumlah Pulau,pulau,,-,nihil,"Data Hasil Podes 2021, diolah"
Geografi,1.1.1,"Luas Daerah dan Jumlah Pulau Menurut Kecamatan, 2025",Jamanis,Luas Daerah,km2,15.98,"15,98",ada,"Data Hasil Podes 2021, diolah"
Geografi,1.1.1,"Luas Daerah dan Jumlah Pulau Menurut Kecamatan, 2025",Jamanis,Jumlah Pulau,pulau,,-,nihil,"Data Hasil Podes 2021, diolah"
Geografi,1.1.1,"Luas Daerah dan Jumlah Pulau Menurut Kecamatan, 2025",Ciawi,Luas Daerah,km2,44.58,"44,58",ada,"Data Hasil Podes 2021, diolah"
Geografi,1.1.1,"Luas Daerah dan Jumlah Pulau Menurut Kecamatan, 2025",Ciawi,Jumlah Pulau,pulau,,-,nihil,"Data Hasil Podes 2021, diolah"
Geografi,1.1.1,"Luas Daerah dan Jumlah Pulau Menurut Kecamatan, 2025",Kadipaten,Luas Daerah,km2,43.05,"43,05",ada,"Data Hasil Podes 2021, diolah"
Geografi,1.1.1,"Luas Daerah dan Jumlah Pulau Menurut Kecamatan, 2025",Kadipaten,Jumlah Pulau,pulau,,-,nihil,"Data Hasil Podes 2021, diolah"
Geografi,1.1.1,"Luas Daerah dan Jumlah Pulau Menurut Kecamatan, 2025",Pagerageung,Luas Daerah,km2,64.3,"64,30",ada,"Data Hasil Podes 2021, diolah"
Geografi,1.1.1,"Luas Daerah dan Jumlah Pulau Menurut Kecamatan, 2025",Pagerageung,Jumlah Pulau,pulau,,-,nihil,"Data Hasil Podes 2021, diolah"
Geografi,1.1.1,"Luas Daerah dan Jumlah Pulau Menurut Kecamatan, 2025",Sukaresik,Luas Daerah,km2,17.37,"17,37",ada,"Data Hasil Podes 2021, diolah"
Geografi,1.1.1,"Luas Daerah dan Jumlah Pulau Menurut Kecamatan, 2025",Sukaresik,Jumlah Pulau,pulau,,-,nihil,"Data Hasil Podes 2021, diolah"
Geografi,1.1.1,"Luas Daerah dan Jumlah Pulau Menurut Kecamatan, 2025",Kabupaten Tasikmalaya,Luas Daerah,km2,2706.82,"2.706,82",ada,"Data Hasil Podes 2021, diolah"
Geografi,1.1.1,"Luas Daerah dan Jumlah Pulau Menurut Kecamatan, 2025",Kabupaten Tasikmalaya,Jumlah Pulau,pulau,,-,nihil,"Data Hasil Podes 2021, diolah"
Geografi,1.1.2,"Tinggi Wilayah (mdpl) dan Jarak ke Ibukota (km), 2025",Cipatujah,Tinggi Wilayah,mdpl,54,54,ada,"Badan Pusat Statistik, Pendataan Potensi Desa (Podes)/BPS-Statistics Indonesia, Village Potential Data Collection"
Geografi,1.1.2,"Tinggi Wilayah (mdpl) dan Jarak ke Ibukota (km), 2025",Cipatujah,Jarak ke Ibukota,km,78.8,"78,8",ada,"Badan Pusat Statistik, Pendataan Potensi Desa (Podes)/BPS-Statistics Indonesia, Village Potential Data Collection"
Geografi,1.1.2,"Tinggi Wilayah (mdpl) dan Jarak ke Ibukota (km), 2025",Karangnunggal,Tinggi Wilayah,mdpl,275,275,ada,"Badan Pusat Statistik, Pendataan Potensi Desa (Podes)/BPS-Statistics Indonesia, Village Potential Data Collection"
Geografi,1.1.2,"Tinggi Wilayah (mdpl) dan Jarak ke Ibukota (km), 2025",Karangnunggal,Jarak ke Ibukota,km,49.4,"49,4",ada,"Badan Pusat Statistik, Pendataan Potensi Desa (Podes)/BPS-Statistics Indonesia, Village Potential Data Collection"
Geografi,1.1.2,"Tinggi Wilayah (mdpl) dan Jarak ke Ibukota (km), 2025",Cikalong,Tinggi Wilayah,mdpl,25,25,ada,"Badan Pusat Statistik, Pendataan Potensi Desa (Podes)/BPS-Statistics Indonesia, Village Potential Data Collection"
Geografi,1.1.2,"Tinggi Wilayah (mdpl) dan Jarak ke Ibukota (km), 2025",Cikalong,Jarak ke Ibukota,km,77.1,"77,1",ada,"Badan Pusat Statistik, Pendataan Potensi Desa (Podes)/BPS-Statistics Indonesia, Village Potential Data Collection"
Geografi,1.1.2,"Tinggi Wilayah (mdpl) dan Jarak ke Ibukota (km), 2025",Pancatengah,Tinggi Wilayah,mdpl,213,213,ada,"Badan Pusat Statistik, Pendataan Potensi Desa (Podes)/BPS-Statistics Indonesia, Village Potential Data Collection"
Geografi,1.1.2,"Tinggi Wilayah (mdpl) dan Jarak ke Ibukota (km), 2025",Pancatengah,Jarak ke Ibukota,km,57,57,ada,"Badan Pusat Statistik, Pendataan Potensi Desa (Podes)/BPS-Statistics Indonesia, Village Potential Data Collection"
Geografi,1.1.2,"Tinggi Wilayah (mdpl) dan Jarak ke Ibukota (km), 2025",Cikatomas,Tinggi Wilayah,mdpl,260,260,ada,"Badan Pusat Statistik, Pendataan Potensi Desa (Podes)/BPS-Statistics Indonesia, Village Potential Data Collection"
Geografi,1.1.2,"Tinggi Wilayah (mdpl) dan Jarak ke Ibukota (km), 2025",Cikatomas,Jarak ke Ibukota,km,55.2,"55,2",ada,"Badan Pusat Statistik, Pendataan Potensi Desa (Podes)/BPS-Statistics Indonesia, Village Potential Data Collection"
Geografi,1.1.2,"Tinggi Wilayah (mdpl) dan Jarak ke Ibukota (km), 2025",Cibalong,Tinggi Wilayah,mdpl,190,190,ada,"Badan Pusat Statistik, Pendataan Potensi Desa (Podes)/BPS-Statistics Indonesia, Village Potential Data Collection"
Geografi,1.1.2,"Tinggi Wilayah (mdpl) dan Jarak ke Ibukota (km), 2025",Cibalong,Jarak ke Ibukota,km,29.3,"29,3",ada,"Badan Pusat Statistik, Pendataan Potensi Desa (Podes)/BPS-Statistics Indonesia, Village Potential Data Collection"
Geografi,1.1.2,"Tinggi Wilayah (mdpl) dan Jarak ke Ibukota (km), 2025",Parungponteng,Tinggi Wilayah,mdpl,162,162,ada,"Badan Pusat Statistik, Pendataan Potensi Desa (Podes)/BPS-Statistics Indonesia, Village Potential Data Collection"
Geografi,1.1.2,"Tinggi Wilayah (mdpl) dan Jarak ke Ibukota (km), 2025",Parungponteng,Jarak ke Ibukota,km,33.7,"33,7",ada,"Badan Pusat Statistik, Pendataan Potensi Desa (Podes)/BPS-Statistics Indonesia, Village Potential Data Collection"
Geografi,1.1.2,"Tinggi Wilayah (mdpl) dan Jarak ke Ibukota (km), 2025",Bantarkalong,Tinggi Wilayah,mdpl,273,273,ada,"Badan Pusat Statistik, Pendataan Potensi Desa (Podes)/BPS-Statistics Indonesia, Village Potential Data Collection"
Geografi,1.1.2,"Tinggi Wilayah (mdpl) dan Jarak ke Ibukota (km), 2025",Bantarkalong,Jarak ke Ibukota,km,54.2,"54,2",ada,"Badan Pusat Statistik, Pendataan Potensi Desa (Podes)/BPS-Statistics Indonesia, Village Potential Data Collection"
Geografi,1.1.2,"Tinggi Wilayah (mdpl) dan Jarak ke Ibukota (km), 2025",Bojongasih,Tinggi Wilayah,mdpl,295.6,"295,6",ada,"Badan Pusat Statistik, Pendataan Potensi Desa (Podes)/BPS-Statistics Indonesia, Village Potential Data Collection"
Geografi,1.1.2,"Tinggi Wilayah (mdpl) dan Jarak ke Ibukota (km), 2025",Bojongasih,Jarak ke Ibukota,km,46,46,ada,"Badan Pusat Statistik, Pendataan Potensi Desa (Podes)/BPS-Statistics Indonesia, Village Potential Data Collection"
Geografi,1.1.2,"Tinggi Wilayah (mdpl) dan Jarak ke Ibukota (km), 2025",Culamega,Tinggi Wilayah,mdpl,127,127,ada,"Badan Pusat Statistik, Pendataan Potensi Desa (Podes)/BPS-Statistics Indonesia, Village Potential Data Collection"
Geografi,1.1.2,"Tinggi Wilayah (mdpl) dan Jarak ke Ibukota (km), 2025",Culamega,Jarak ke Ibukota,km,74.6,"74,6",ada,"Badan Pusat Statistik, Pendataan Potensi Desa (Podes)/BPS-Statistics Indonesia, Village Potential Data Collection"
Geografi,1.1.2,"Tinggi Wilayah (mdpl) dan Jarak ke Ibukota (km), 2025",Bojonggambir,Tinggi Wilayah,mdpl,873,873,ada,"Badan Pusat Statistik, Pendataan Potensi Desa (Podes)/BPS-Statistics Indonesia, Village Potential Data Collection"
Geografi,1.1.2,"Tinggi Wilayah (mdpl) dan Jarak ke Ibukota (km), 2025",Bojonggambir,Jarak ke Ibukota,km,37,37,ada,"Badan Pusat Statistik, Pendataan Potensi Desa (Podes)/BPS-Statistics Indonesia, Village Potential Data Collection"
Geografi,1.1.2,"Tinggi Wilayah (mdpl) dan Jarak ke Ibukota (km), 2025",Sodonghilir,Tinggi Wilayah,mdpl,700,700,ada,"Badan Pusat Statistik, Pendataan Potensi Desa (Podes)/BPS-Statistics Indonesia, Village Potential Data Collection"
Geografi,1.1.2,"Tinggi Wilayah (mdpl) dan Jarak ke Ibukota (km), 2025",Sodonghilir,Jarak ke Ibukota,km,28.4,"28,4",ada,"Badan Pusat Statistik, Pendataan Potensi Desa (Podes)/BPS-Statistics Indonesia, Village Potential Data Collection"
Geografi,1.1.2,"Tinggi Wilayah (mdpl) dan Jarak ke Ibukota (km), 2025",Taraju,Tinggi Wilayah,mdpl,880,880,ada,"Badan Pusat Statistik, Pendataan Potensi Desa (Podes)/BPS-Statistics Indonesia, Village Potential Data Collection"
Geografi,1.1.2,"Tinggi Wilayah (mdpl) dan Jarak ke Ibukota (km), 2025",Taraju,Jarak ke Ibukota,km,27,27,ada,"Badan Pusat Statistik, Pendataan Potensi Desa (Podes)/BPS-Statistics Indonesia, Village Potential Data Collection"
Geografi,1.1.2,"Tinggi Wilayah (mdpl) dan Jarak ke Ibukota (km), 2025",Salawu,Tinggi Wilayah,mdpl,612,612,ada,"Badan Pusat Statistik, Pendataan Potensi Desa (Podes)/BPS-Statistics Indonesia, Village Potential Data Collection"
Geografi,1.1.2,"Tinggi Wilayah (mdpl) dan Jarak ke Ibukota (km), 2025",Salawu,Jarak ke Ibukota,km,11,11,ada,"Badan Pusat Statistik, Pendataan Potensi Desa (Podes)/BPS-Statistics Indonesia, Village Potential Data Collection"
Geografi,1.1.2,"Tinggi Wilayah (mdpl) dan Jarak ke Ibukota (km), 2025",Puspahiang,Tinggi Wilayah,mdpl,659,659,ada,"Badan Pusat Statistik, Pendataan Potensi Desa (Podes)/BPS-Statistics Indonesia, Village Potential Data Collection"
Geografi,1.1.2,"Tinggi Wilayah (mdpl) dan Jarak ke Ibukota (km), 2025",Puspahiang,Jarak ke Ibukota,km,14.6,"14,6",ada,"Badan Pusat Statistik, Pendataan Potensi Desa (Podes)/BPS-Statistics Indonesia, Village Potential Data Collection"
Geografi,1.1.2,"Tinggi Wilayah (mdpl) dan Jarak ke Ibukota (km), 2025",Tanjungjaya,Tinggi Wilayah,mdpl,415,415,ada,"Badan Pusat Statistik, Pendataan Potensi Desa (Podes)/BPS-Statistics Indonesia, Village Potential Data Collection"
Geografi,1.1.2,"Tinggi Wilayah (mdpl) dan Jarak ke Ibukota (km), 2025",Tanjungjaya,Jarak ke Ibukota,km,7.1,"7,1",ada,"Badan Pusat Statistik, Pendataan Potensi Desa (Podes)/BPS-Statistics Indonesia, Village Potential Data Collection"
Geografi,1.1.2,"Tinggi Wilayah (mdpl) dan Jarak ke Ibukota (km), 2025",Sukaraja,Tinggi Wilayah,mdpl,264,264,ada,"Badan Pusat Statistik, Pendataan Potensi Desa (Podes)/BPS-Statistics Indonesia, Village Potential Data Collection"
Geografi,1.1.2,"Tinggi Wilayah (mdpl) dan Jarak ke Ibukota (km), 2025",Sukaraja,Jarak ke Ibukota,km,18.9,"18,9",ada,"Badan Pusat Statistik, Pendataan Potensi Desa (Podes)/BPS-Statistics Indonesia, Village Potential Data Collection"
Geografi,1.1.2,"Tinggi Wilayah (mdpl) dan Jarak ke Ibukota (km), 2025",Salopa,Tinggi Wilayah,mdpl,307,307,ada,"Badan Pusat Statistik, Pendataan Potensi Desa (Podes)/BPS-Statistics Indonesia, Village Potential Data Collection"
Geografi,1.1.2,"Tinggi Wilayah (mdpl) dan Jarak ke Ibukota (km), 2025",Salopa,Jarak ke Ibukota,km,36.8,"36,8",ada,"Badan Pusat Statistik, Pendataan Potensi Desa (Podes)/BPS-Statistics Indonesia, Village Potential Data Collection"
Geografi,1.1.2,"Tinggi Wilayah (mdpl) dan Jarak ke Ibukota (km), 2025",Jatiwaras,Tinggi Wilayah,mdpl,422,422,ada,"Badan Pusat Statistik, Pendataan Potensi Desa (Podes)/BPS-Statistics Indonesia, Village Potential Data Collection"
Geografi,1.1.2,"Tinggi Wilayah (mdpl) dan Jarak ke Ibukota (km), 2025",Jatiwaras,Jarak ke Ibukota,km,28.3,"28,3",ada,"Badan Pusat Statistik, Pendataan Potensi Desa (Podes)/BPS-Statistics Indonesia, Village Potential Data Collection"
Geografi,1.1.2,"Tinggi Wilayah (mdpl) dan Jarak ke Ibukota (km), 2025",Cineam,Tinggi Wilayah,mdpl,326,326,ada,"Badan Pusat Statistik, Pendataan Potensi Desa (Podes)/BPS-Statistics Indonesia, Village Potential Data Collection"
Geografi,1.1.2,"Tinggi Wilayah (mdpl) dan Jarak ke Ibukota (km), 2025",Cineam,Jarak ke Ibukota,km,40.2,"40,2",ada,"Badan Pusat Statistik, Pendataan Potensi Desa (Podes)/BPS-Statistics Indonesia, Village Potential Data Collection"
Geografi,1.1.2,"Tinggi Wilayah (mdpl) dan Jarak ke Ibukota (km), 2025",Karangjaya,Tinggi Wilayah,mdpl,394,394,ada,"Badan Pusat Statistik, Pendataan Potensi Desa (Podes)/BPS-Statistics Indonesia, Village Potential Data Collection"
Geografi,1.1.2,"Tinggi Wilayah (mdpl) dan Jarak ke Ibukota (km), 2025",Karangjaya,Jarak ke Ibukota,km,45.9,"45,9",ada,"Badan Pusat Statistik, Pendataan Potensi Desa (Podes)/BPS-Statistics Indonesia, Village Potential Data Collection"
Geografi,1.1.2,"Tinggi Wilayah (mdpl) dan Jarak ke Ibukota (km), 2025",Manonjaya,Tinggi Wilayah,mdpl,315,315,ada,"Badan Pusat Statistik, Pendataan Potensi Desa (Podes)/BPS-Statistics Indonesia, Village Potential Data Collection"
Geografi,1.1.2,"Tinggi Wilayah (mdpl) dan Jarak ke Ibukota (km), 2025",Manonjaya,Jarak ke Ibukota,km,28.6,"28,6",ada,"Badan Pusat Statistik, Pendataan Potensi Desa (Podes)/BPS-Statistics Indonesia, Village Potential Data Collection"
Geografi,1.1.2,"Tinggi Wilayah (mdpl) dan Jarak ke Ibukota (km), 2025",Gunungtanjung,Tinggi Wilayah,mdpl,415,415,ada,"Badan Pusat Statistik, Pendataan Potensi Desa (Podes)/BPS-Statistics Indonesia, Village Potential Data Collection"
Geografi,1.1.2,"Tinggi Wilayah (mdpl) dan Jarak ke Ibukota (km), 2025",Gunungtanjung,Jarak ke Ibukota,km,31.1,"31,1",ada,"Badan Pusat Statistik, Pendataan Potensi Desa (Podes)/BPS-Statistics Indonesia, Village Potential Data Collection"
Geografi,1.1.2,"Tinggi Wilayah (mdpl) dan Jarak ke Ibukota (km), 2025",Singaparna,Tinggi Wilayah,mdpl,424,424,ada,"Badan Pusat Statistik, Pendataan Potensi Desa (Podes)/BPS-Statistics Indonesia, Village Potential Data Collection"
Geografi,1.1.2,"Tinggi Wilayah (mdpl) dan Jarak ke Ibukota (km), 2025",Singaparna,Jarak ke Ibukota,km,0.68,"0,68",ada,"Badan Pusat Statistik, Pendataan Potensi Desa (Podes)/BPS-Statistics Indonesia, Village Potential Data Collection"
Geografi,1.1.2,"Tinggi Wilayah (mdpl) dan Jarak ke Ibukota (km), 2025",Sukarame,Tinggi Wilayah,mdpl,433,433,ada,"Badan Pusat Statistik, Pendataan Potensi Desa (Podes)/BPS-Statistics Indonesia, Village Potential Data Collection"
Geografi,1.1.2,"Tinggi Wilayah (mdpl) dan Jarak ke Ibukota (km), 2025",Sukarame,Jarak ke Ibukota,km,3.1,"3,1",ada,"Badan Pusat Statistik, Pendataan Potensi Desa (Podes)/BPS-Statistics Indonesia, Village Potential Data Collection"
Geografi,1.1.2,"Tinggi Wilayah (mdpl) dan Jarak ke Ibukota (km), 2025",Mangunreja,Tinggi Wilayah,mdpl,416,416,ada,"Badan Pusat Statistik, Pendataan Potensi Desa (Podes)/BPS-Statistics Indonesia, Village Potential Data Collection"
Geografi,1.1.2,"Tinggi Wilayah (mdpl) dan Jarak ke Ibukota (km), 2025",Mangunreja,Jarak ke Ibukota,km,2.9,"2,9",ada,"Badan Pusat Statistik, Pendataan Potensi Desa (Podes)/BPS-Statistics Indonesia, Village Potential Data Collection"
Geografi,1.1.2,"Tinggi Wilayah (mdpl) dan Jarak ke Ibukota (km), 2025",Cigalontang,Tinggi Wilayah,mdpl,620,620,ada,"Badan Pusat Statistik, Pendataan Potensi Desa (Podes)/BPS-Statistics Indonesia, Village Potential Data Collection"
Geografi,1.1.2,"Tinggi Wilayah (mdpl) dan Jarak ke Ibukota (km), 2025",Cigalontang,Jarak ke Ibukota,km,11.1,"11,1",ada,"Badan Pusat Statistik, Pendataan Potensi Desa (Podes)/BPS-Statistics Indonesia, Village Potential Data Collection"
Geografi,1.1.2,"Tinggi Wilayah (mdpl) dan Jarak ke Ibukota (km), 2025",Leuwisari,Tinggi Wilayah,mdpl,482,482,ada,"Badan Pusat Statistik, Pendataan Potensi Desa (Podes)/BPS-Statistics Indonesia, Village Potential Data Collection"
Geografi,1.1.2,"Tinggi Wilayah (mdpl) dan Jarak ke Ibukota (km), 2025",Leuwisari,Jarak ke Ibukota,km,3.6,"3,6",ada,"Badan Pusat Statistik, Pendataan Potensi Desa (Podes)/BPS-Statistics Indonesia, Village Potential Data Collection"
Geografi,1.1.2,"Tinggi Wilayah (mdpl) dan Jarak ke Ibukota (km), 2025",Sariwangi,Tinggi Wilayah,mdpl,556,556,ada,"Badan Pusat Statistik, Pendataan Potensi Desa (Podes)/BPS-Statistics Indonesia, Village Potential Data Collection"
Geografi,1.1.2,"Tinggi Wilayah (mdpl) dan Jarak ke Ibukota (km), 2025",Sariwangi,Jarak ke Ibukota,km,9,9,ada,"Badan Pusat Statistik, Pendataan Potensi Desa (Podes)/BPS-Statistics Indonesia, Village Potential Data Collection"
Geografi,1.1.2,"Tinggi Wilayah (mdpl) dan Jarak ke Ibukota (km), 2025",Padakembang,Tinggi Wilayah,mdpl,621,621,ada,"Badan Pusat Statistik, Pendataan Potensi Desa (Podes)/BPS-Statistics Indonesia, Village Potential Data Collection"
Geografi,1.1.2,"Tinggi Wilayah (mdpl) dan Jarak ke Ibukota (km), 2025",Padakembang,Jarak ke Ibukota,km,7.7,"7,7",ada,"Badan Pusat Statistik, Pendataan Potensi Desa (Podes)/BPS-Statistics Indonesia, Village Potential Data Collection"
Geografi,1.1.2,"Tinggi Wilayah (mdpl) dan Jarak ke Ibukota (km), 2025",Sukaratu,Tinggi Wilayah,mdpl,524,524,ada,"Badan Pusat Statistik, Pendataan Potensi Desa (Podes)/BPS-Statistics Indonesia, Village Potential Data Collection"
Geografi,1.1.2,"Tinggi Wilayah (mdpl) dan Jarak ke Ibukota (km), 2025",Sukaratu,Jarak ke Ibukota,km,13.2,"13,2",ada,"Badan Pusat Statistik, Pendataan Potensi Desa (Podes)/BPS-Statistics Indonesia, Village Potential Data Collection"
Geografi,1.1.2,"Tinggi Wilayah (mdpl) dan Jarak ke Ibukota (km), 2025",Cisayong,Tinggi Wilayah,mdpl,549,549,ada,"Badan Pusat Statistik, Pendataan Potensi Desa (Podes)/BPS-Statistics Indonesia, Village Potential Data Collection"
Geografi,1.1.2,"Tinggi Wilayah (mdpl) dan Jarak ke Ibukota (km), 2025",Cisayong,Jarak ke Ibukota,km,15.6,"15,6",ada,"Badan Pusat Statistik, Pendataan Potensi Desa (Podes)/BPS-Statistics Indonesia, Village Potential Data Collection"
Geografi,1.1.2,"Tinggi Wilayah (mdpl) dan Jarak ke Ibukota (km), 2025",Sukahening,Tinggi Wilayah,mdpl,664,664,ada,"Badan Pusat Statistik, Pendataan Potensi Desa (Podes)/BPS-Statistics Indonesia, Village Potential Data Collection"
Geografi,1.1.2,"Tinggi Wilayah (mdpl) dan Jarak ke Ibukota (km), 2025",Sukahening,Jarak ke Ibukota,km,23.3,"23,3",ada,"Badan Pusat Statistik, Pendataan Potensi Desa (Podes)/BPS-Statistics Indonesia, Village Potential Data Collection"
Geografi,1.1.2,"Tinggi Wilayah (mdpl) dan Jarak ke Ibukota (km), 2025",Rajapolah,Tinggi Wilayah,mdpl,489,489,ada,"Badan Pusat Statistik, Pendataan Potensi Desa (Podes)/BPS-Statistics Indonesia, Village Potential Data Collection"
Geografi,1.1.2,"Tinggi Wilayah (mdpl) dan Jarak ke Ibukota (km), 2025",Rajapolah,Jarak ke Ibukota,km,25,25,ada,"Badan Pusat Statistik, Pendataan Potensi Desa (Podes)/BPS-Statistics Indonesia, Village Potential Data Collection"
Geografi,1.1.2,"Tinggi Wilayah (mdpl) dan Jarak ke Ibukota (km), 2025",Jamanis,Tinggi Wilayah,mdpl,549,549,ada,"Badan Pusat Statistik, Pendataan Potensi Desa (Podes)/BPS-Statistics Indonesia, Village Potential Data Collection"
Geografi,1.1.2,"Tinggi Wilayah (mdpl) dan Jarak ke Ibukota (km), 2025",Jamanis,Jarak ke Ibukota,km,28.6,"28,6",ada,"Badan Pusat Statistik, Pendataan Potensi Desa (Podes)/BPS-Statistics Indonesia, Village Potential Data Collection"
Geografi,1.1.2,"Tinggi Wilayah (mdpl) dan Jarak ke Ibukota (km), 2025",Ciawi,Tinggi Wilayah,mdpl,519,519,ada,"Badan Pusat Statistik, Pendataan Potensi Desa (Podes)/BPS-Statistics Indonesia, Village Potential Data Collection"
Geografi,1.1.2,"Tinggi Wilayah (mdpl) dan Jarak ke Ibukota (km), 2025",Ciawi,Jarak ke Ibukota,km,27.8,"27,8",ada,"Badan Pusat Statistik, Pendataan Potensi Desa (Podes)/BPS-Statistics Indonesia, Village Potential Data Collection"
Geografi,1.1.2,"Tinggi Wilayah (mdpl) dan Jarak ke Ibukota (km), 2025",Kadipaten,Tinggi Wilayah,mdpl,594,594,ada,"Badan Pusat Statistik, Pendataan Potensi Desa (Podes)/BPS-Statistics Indonesia, Village Potential Data Collection"
Geografi,1.1.2,"Tinggi Wilayah (mdpl) dan Jarak ke Ibukota (km), 2025",Kadipaten,Jarak ke Ibukota,km,35.9,"35,9",ada,"Badan Pusat Statistik, Pendataan Potensi Desa (Podes)/BPS-Statistics Indonesia, Village Potential Data Collection"
Geografi,1.1.2,"Tinggi Wilayah (mdpl) dan Jarak ke Ibukota (km), 2025",Pagerageung,Tinggi Wilayah,mdpl,556,556,ada,"Badan Pusat Statistik, Pendataan Potensi Desa (Podes)/BPS-Statistics Indonesia, Village Potential Data Collection"
Geografi,1.1.2,"Tinggi Wilayah (mdpl) dan Jarak ke Ibukota (km), 2025",Pagerageung,Jarak ke Ibukota,km,34.3,"34,3",ada,"Badan Pusat Statistik, Pendataan Potensi Desa (Podes)/BPS-Statistics Indonesia, Village Potential Data Collection"
Geografi,1.1.2,"Tinggi Wilayah (mdpl) dan Jarak ke Ibukota (km), 2025",Sukaresik,Tinggi Wilayah,mdpl,485,485,ada,"Badan Pusat Statistik, Pendataan Potensi Desa (Podes)/BPS-Statistics Indonesia, Village Potential Data Collection"
Geografi,1.1.2,"Tinggi Wilayah (mdpl) dan Jarak ke Ibukota (km), 2025",Sukaresik,Jarak ke Ibukota,km,31.2,"31,2",ada,"Badan Pusat Statistik, Pendataan Potensi Desa (Podes)/BPS-Statistics Indonesia, Village Potential Data Collection"
Geografi,1.1.2,"Tinggi Wilayah (mdpl) dan Jarak ke Ibukota (km), 2025",Kabupaten Tasikmalaya,Tinggi Wilayah,mdpl,415,415,ada,"Badan Pusat Statistik, Pendataan Potensi Desa (Podes)/BPS-Statistics Indonesia, Village Potential Data Collection"
Geografi,1.1.2,"Tinggi Wilayah (mdpl) dan Jarak ke Ibukota (km), 2025",Kabupaten Tasikmalaya,Jarak ke Ibukota,km,0,0,ada,"Badan Pusat Statistik, Pendataan Potensi Desa (Podes)/BPS-Statistics Indonesia, Village Potential Data Collection"
Geografi,1.1.3,"Ibukota Kecamatan dan Persentase Luas Wilayah Terhadap Kabupaten, 2025",Cipatujah,Ibukota Kecamatan,-,,Cipatujah,ada,"Data Hasil Podes 2021, diolah"
Geografi,1.1.3,"Ibukota Kecamatan dan Persentase Luas Wilayah Terhadap Kabupaten, 2025",Cipatujah,Persentase terhadap Luas Kabupaten,%,9.12,"9,12",ada,"Data Hasil Podes 2021, diolah"
Geografi,1.1.3,"Ibukota Kecamatan dan Persentase Luas Wilayah Terhadap Kabupaten, 2025",Karangnunggal,Ibukota Kecamatan,-,,Karangnunggal,ada,"Data Hasil Podes 2021, diolah"
Geografi,1.1.3,"Ibukota Kecamatan dan Persentase Luas Wilayah Terhadap Kabupaten, 2025",Karangnunggal,Persentase terhadap Luas Kabupaten,%,5.04,"5,04",ada,"Data Hasil Podes 2021, diolah"
Geografi,1.1.3,"Ibukota Kecamatan dan Persentase Luas Wilayah Terhadap Kabupaten, 2025",Cikalong,Ibukota Kecamatan,-,,Cikalong,ada,"Data Hasil Podes 2021, diolah"
Geografi,1.1.3,"Ibukota Kecamatan dan Persentase Luas Wilayah Terhadap Kabupaten, 2025",Cikalong,Persentase terhadap Luas Kabupaten,%,5.16,"5,16",ada,"Data Hasil Podes 2021, diolah"
Geografi,1.1.3,"Ibukota Kecamatan dan Persentase Luas Wilayah Terhadap Kabupaten, 2025",Pancatengah,Ibukota Kecamatan,-,,Cibongas,ada,"Data Hasil Podes 2021, diolah"
Geografi,1.1.3,"Ibukota Kecamatan dan Persentase Luas Wilayah Terhadap Kabupaten, 2025",Pancatengah,Persentase terhadap Luas Kabupaten,%,7.46,"7,46",ada,"Data Hasil Podes 2021, diolah"
Geografi,1.1.3,"Ibukota Kecamatan dan Persentase Luas Wilayah Terhadap Kabupaten, 2025",Cikatomas,Ibukota Kecamatan,-,,Pakemitan,ada,"Data Hasil Podes 2021, diolah"
Geografi,1.1.3,"Ibukota Kecamatan dan Persentase Luas Wilayah Terhadap Kabupaten, 2025",Cikatomas,Persentase terhadap Luas Kabupaten,%,4.9,"4,9",ada,"Data Hasil Podes 2021, diolah"
Geografi,1.1.3,"Ibukota Kecamatan dan Persentase Luas Wilayah Terhadap Kabupaten, 2025",Cibalong,Ibukota Kecamatan,-,,Cibalong,ada,"Data Hasil Podes 2021, diolah"
Geografi,1.1.3,"Ibukota Kecamatan dan Persentase Luas Wilayah Terhadap Kabupaten, 2025",Cibalong,Persentase terhadap Luas Kabupaten,%,2.16,"2,16",ada,"Data Hasil Podes 2021, diolah"
Geografi,1.1.3,"Ibukota Kecamatan dan Persentase Luas Wilayah Terhadap Kabupaten, 2025",Parungponteng,Ibukota Kecamatan,-,,Parungponteng,ada,"Data Hasil Podes 2021, diolah"
Geografi,1.1.3,"Ibukota Kecamatan dan Persentase Luas Wilayah Terhadap Kabupaten, 2025",Parungponteng,Persentase terhadap Luas Kabupaten,%,1.75,"1,75",ada,"Data Hasil Podes 2021, diolah"
Geografi,1.1.3,"Ibukota Kecamatan dan Persentase Luas Wilayah Terhadap Kabupaten, 2025",Bantarkalong,Ibukota Kecamatan,-,,Hegarwangi,ada,"Data Hasil Podes 2021, diolah"
Geografi,1.1.3,"Ibukota Kecamatan dan Persentase Luas Wilayah Terhadap Kabupaten, 2025",Bantarkalong,Persentase terhadap Luas Kabupaten,%,2.21,"2,21",ada,"Data Hasil Podes 2021, diolah"
Geografi,1.1.3,"Ibukota Kecamatan dan Persentase Luas Wilayah Terhadap Kabupaten, 2025",Bojongasih,Ibukota Kecamatan,-,,Bojongasih,ada,"Data Hasil Podes 2021, diolah"
Geografi,1.1.3,"Ibukota Kecamatan dan Persentase Luas Wilayah Terhadap Kabupaten, 2025",Bojongasih,Persentase terhadap Luas Kabupaten,%,1.43,"1,43",ada,"Data Hasil Podes 2021, diolah"
Geografi,1.1.3,"Ibukota Kecamatan dan Persentase Luas Wilayah Terhadap Kabupaten, 2025",Culamega,Ibukota Kecamatan,-,,Cintabodas,ada,"Data Hasil Podes 2021, diolah"
Geografi,1.1.3,"Ibukota Kecamatan dan Persentase Luas Wilayah Terhadap Kabupaten, 2025",Culamega,Persentase terhadap Luas Kabupaten,%,2.52,"2,52",ada,"Data Hasil Podes 2021, diolah"
Geografi,1.1.3,"Ibukota Kecamatan dan Persentase Luas Wilayah Terhadap Kabupaten, 2025",Bojonggambir,Ibukota Kecamatan,-,,Mangkonjaya,ada,"Data Hasil Podes 2021, diolah"
Geografi,1.1.3,"Ibukota Kecamatan dan Persentase Luas Wilayah Terhadap Kabupaten, 2025",Bojonggambir,Persentase terhadap Luas Kabupaten,%,6.26,"6,26",ada,"Data Hasil Podes 2021, diolah"
Geografi,1.1.3,"Ibukota Kecamatan dan Persentase Luas Wilayah Terhadap Kabupaten, 2025",Sodonghilir,Ibukota Kecamatan,-,,Sodonghilir,ada,"Data Hasil Podes 2021, diolah"
Geografi,1.1.3,"Ibukota Kecamatan dan Persentase Luas Wilayah Terhadap Kabupaten, 2025",Sodonghilir,Persentase terhadap Luas Kabupaten,%,3.44,"3,44",ada,"Data Hasil Podes 2021, diolah"
Geografi,1.1.3,"Ibukota Kecamatan dan Persentase Luas Wilayah Terhadap Kabupaten, 2025",Taraju,Ibukota Kecamatan,-,,Taraju,ada,"Data Hasil Podes 2021, diolah"
Geografi,1.1.3,"Ibukota Kecamatan dan Persentase Luas Wilayah Terhadap Kabupaten, 2025",Taraju,Persentase terhadap Luas Kabupaten,%,2.06,"2,06",ada,"Data Hasil Podes 2021, diolah"
Geografi,1.1.3,"Ibukota Kecamatan dan Persentase Luas Wilayah Terhadap Kabupaten, 2025",Salawu,Ibukota Kecamatan,-,,Salawu,ada,"Data Hasil Podes 2021, diolah"
Geografi,1.1.3,"Ibukota Kecamatan dan Persentase Luas Wilayah Terhadap Kabupaten, 2025",Salawu,Persentase terhadap Luas Kabupaten,%,1.87,"1,87",ada,"Data Hasil Podes 2021, diolah"
Geografi,1.1.3,"Ibukota Kecamatan dan Persentase Luas Wilayah Terhadap Kabupaten, 2025",Puspahiang,Ibukota Kecamatan,-,,Puspahiang,ada,"Data Hasil Podes 2021, diolah"
Geografi,1.1.3,"Ibukota Kecamatan dan Persentase Luas Wilayah Terhadap Kabupaten, 2025",Puspahiang,Persentase terhadap Luas Kabupaten,%,1.29,"1,29",ada,"Data Hasil Podes 2021, diolah"
Geografi,1.1.3,"Ibukota Kecamatan dan Persentase Luas Wilayah Terhadap Kabupaten, 2025",Tanjungjaya,Ibukota Kecamatan,-,,Tanjungjaya,ada,"Data Hasil Podes 2021, diolah"
Geografi,1.1.3,"Ibukota Kecamatan dan Persentase Luas Wilayah Terhadap Kabupaten, 2025",Tanjungjaya,Persentase terhadap Luas Kabupaten,%,1.36,"1,36",ada,"Data Hasil Podes 2021, diolah"
Geografi,1.1.3,"Ibukota Kecamatan dan Persentase Luas Wilayah Terhadap Kabupaten, 2025",Sukaraja,Ibukota Kecamatan,-,,Sukapura,ada,"Data Hasil Podes 2021, diolah"
Geografi,1.1.3,"Ibukota Kecamatan dan Persentase Luas Wilayah Terhadap Kabupaten, 2025",Sukaraja,Persentase terhadap Luas Kabupaten,%,1.59,"1,59",ada,"Data Hasil Podes 2021, diolah"
Geografi,1.1.3,"Ibukota Kecamatan dan Persentase Luas Wilayah Terhadap Kabupaten, 2025",Salopa,Ibukota Kecamatan,-,,Mandalahayu,ada,"Data Hasil Podes 2021, diolah"
Geografi,1.1.3,"Ibukota Kecamatan dan Persentase Luas Wilayah Terhadap Kabupaten, 2025",Salopa,Persentase terhadap Luas Kabupaten,%,4.5,"4,5",ada,"Data Hasil Podes 2021, diolah"
Geografi,1.1.3,"Ibukota Kecamatan dan Persentase Luas Wilayah Terhadap Kabupaten, 2025",Jatiwaras,Ibukota Kecamatan,-,,Jatiwaras,ada,"Data Hasil Podes 2021, diolah"
Geografi,1.1.3,"Ibukota Kecamatan dan Persentase Luas Wilayah Terhadap Kabupaten, 2025",Jatiwaras,Persentase terhadap Luas Kabupaten,%,2.71,"2,71",ada,"Data Hasil Podes 2021, diolah"
Geografi,1.1.3,"Ibukota Kecamatan dan Persentase Luas Wilayah Terhadap Kabupaten, 2025",Cineam,Ibukota Kecamatan,-,,Cijulang,ada,"Data Hasil Podes 2021, diolah"
Geografi,1.1.3,"Ibukota Kecamatan dan Persentase Luas Wilayah Terhadap Kabupaten, 2025",Cineam,Persentase terhadap Luas Kabupaten,%,2.91,"2,91",ada,"Data Hasil Podes 2021, diolah"
Geografi,1.1.3,"Ibukota Kecamatan dan Persentase Luas Wilayah Terhadap Kabupaten, 2025",Karangjaya,Ibukota Kecamatan,-,,Karangjaya,ada,"Data Hasil Podes 2021, diolah"
Geografi,1.1.3,"Ibukota Kecamatan dan Persentase Luas Wilayah Terhadap Kabupaten, 2025",Karangjaya,Persentase terhadap Luas Kabupaten,%,1.77,"1,77",ada,"Data Hasil Podes 2021, diolah"
Geografi,1.1.3,"Ibukota Kecamatan dan Persentase Luas Wilayah Terhadap Kabupaten, 2025",Manonjaya,Ibukota Kecamatan,-,,Manonjaya,ada,"Data Hasil Podes 2021, diolah"
Geografi,1.1.3,"Ibukota Kecamatan dan Persentase Luas Wilayah Terhadap Kabupaten, 2025",Manonjaya,Persentase terhadap Luas Kabupaten,%,1.46,"1,46",ada,"Data Hasil Podes 2021, diolah"
Geografi,1.1.3,"Ibukota Kecamatan dan Persentase Luas Wilayah Terhadap Kabupaten, 2025",Gunungtanjung,Ibukota Kecamatan,-,,Gunungtanjung,ada,"Data Hasil Podes 2021, diolah"
Geografi,1.1.3,"Ibukota Kecamatan dan Persentase Luas Wilayah Terhadap Kabupaten, 2025",Gunungtanjung,Persentase terhadap Luas Kabupaten,%,1.24,"1,24",ada,"Data Hasil Podes 2021, diolah"
Geografi,1.1.3,"Ibukota Kecamatan dan Persentase Luas Wilayah Terhadap Kabupaten, 2025",Singaparna,Ibukota Kecamatan,-,,Singasari,ada,"Data Hasil Podes 2021, diolah"
Geografi,1.1.3,"Ibukota Kecamatan dan Persentase Luas Wilayah Terhadap Kabupaten, 2025",Singaparna,Persentase terhadap Luas Kabupaten,%,0.92,"0,92",ada,"Data Hasil Podes 2021, diolah"
Geografi,1.1.3,"Ibukota Kecamatan dan Persentase Luas Wilayah Terhadap Kabupaten, 2025",Sukarame,Ibukota Kecamatan,-,,Sukarame,ada,"Data Hasil Podes 2021, diolah"
Geografi,1.1.3,"Ibukota Kecamatan dan Persentase Luas Wilayah Terhadap Kabupaten, 2025",Sukarame,Persentase terhadap Luas Kabupaten,%,1.1,"1,1",ada,"Data Hasil Podes 2021, diolah"
Geografi,1.1.3,"Ibukota Kecamatan dan Persentase Luas Wilayah Terhadap Kabupaten, 2025",Mangunreja,Ibukota Kecamatan,-,,Mangunreja,ada,"Data Hasil Podes 2021, diolah"
Geografi,1.1.3,"Ibukota Kecamatan dan Persentase Luas Wilayah Terhadap Kabupaten, 2025",Mangunreja,Persentase terhadap Luas Kabupaten,%,0.74,"0,74",ada,"Data Hasil Podes 2021, diolah"
Geografi,1.1.3,"Ibukota Kecamatan dan Persentase Luas Wilayah Terhadap Kabupaten, 2025",Cigalontang,Ibukota Kecamatan,-,,Jayapura,ada,"Data Hasil Podes 2021, diolah"
Geografi,1.1.3,"Ibukota Kecamatan dan Persentase Luas Wilayah Terhadap Kabupaten, 2025",Cigalontang,Persentase terhadap Luas Kabupaten,%,4.43,"4,43",ada,"Data Hasil Podes 2021, diolah"
Geografi,1.1.3,"Ibukota Kecamatan dan Persentase Luas Wilayah Terhadap Kabupaten, 2025",Leuwisari,Ibukota Kecamatan,-,,Arjasari,ada,"Data Hasil Podes 2021, diolah"
Geografi,1.1.3,"Ibukota Kecamatan dan Persentase Luas Wilayah Terhadap Kabupaten, 2025",Leuwisari,Persentase terhadap Luas Kabupaten,%,1.97,"1,97",ada,"Data Hasil Podes 2021, diolah"
Geografi,1.1.3,"Ibukota Kecamatan dan Persentase Luas Wilayah Terhadap Kabupaten, 2025",Sariwangi,Ibukota Kecamatan,-,,Jayaratu,ada,"Data Hasil Podes 2021, diolah"
Geografi,1.1.3,"Ibukota Kecamatan dan Persentase Luas Wilayah Terhadap Kabupaten, 2025",Sariwangi,Persentase terhadap Luas Kabupaten,%,1.84,"1,84",ada,"Data Hasil Podes 2021, diolah"
Geografi,1.1.3,"Ibukota Kecamatan dan Persentase Luas Wilayah Terhadap Kabupaten, 2025",Padakembang,Ibukota Kecamatan,-,,Cisaruni,ada,"Data Hasil Podes 2021, diolah"
Geografi,1.1.3,"Ibukota Kecamatan dan Persentase Luas Wilayah Terhadap Kabupaten, 2025",Padakembang,Persentase terhadap Luas Kabupaten,%,1.39,"1,39",ada,"Data Hasil Podes 2021, diolah"
Geografi,1.1.3,"Ibukota Kecamatan dan Persentase Luas Wilayah Terhadap Kabupaten, 2025",Sukaratu,Ibukota Kecamatan,-,,Sukaratu,ada,"Data Hasil Podes 2021, diolah"
Geografi,1.1.3,"Ibukota Kecamatan dan Persentase Luas Wilayah Terhadap Kabupaten, 2025",Sukaratu,Persentase terhadap Luas Kabupaten,%,2.11,"2,11",ada,"Data Hasil Podes 2021, diolah"
Geografi,1.1.3,"Ibukota Kecamatan dan Persentase Luas Wilayah Terhadap Kabupaten, 2025",Cisayong,Ibukota Kecamatan,-,,Cisayong,ada,"Data Hasil Podes 2021, diolah"
Geografi,1.1.3,"Ibukota Kecamatan dan Persentase Luas Wilayah Terhadap Kabupaten, 2025",Cisayong,Persentase terhadap Luas Kabupaten,%,2.2,"2,2",ada,"Data Hasil Podes 2021, diolah"
Geografi,1.1.3,"Ibukota Kecamatan dan Persentase Luas Wilayah Terhadap Kabupaten, 2025",Sukahening,Ibukota Kecamatan,-,,Calincing,ada,"Data Hasil Podes 2021, diolah"
Geografi,1.1.3,"Ibukota Kecamatan dan Persentase Luas Wilayah Terhadap Kabupaten, 2025",Sukahening,Persentase terhadap Luas Kabupaten,%,1.05,"1,05",ada,"Data Hasil Podes 2021, diolah"
Geografi,1.1.3,"Ibukota Kecamatan dan Persentase Luas Wilayah Terhadap Kabupaten, 2025",Rajapolah,Ibukota Kecamatan,-,,Rajapolah,ada,"Data Hasil Podes 2021, diolah"
Geografi,1.1.3,"Ibukota Kecamatan dan Persentase Luas Wilayah Terhadap Kabupaten, 2025",Rajapolah,Persentase terhadap Luas Kabupaten,%,0.79,"0,79",ada,"Data Hasil Podes 2021, diolah"
Geografi,1.1.3,"Ibukota Kecamatan dan Persentase Luas Wilayah Terhadap Kabupaten, 2025",Jamanis,Ibukota Kecamatan,-,,Sindangraja,ada,"Data Hasil Podes 2021, diolah"
Geografi,1.1.3,"Ibukota Kecamatan dan Persentase Luas Wilayah Terhadap Kabupaten, 2025",Jamanis,Persentase terhadap Luas Kabupaten,%,0.79,"0,79",ada,"Data Hasil Podes 2021, diolah"
Geografi,1.1.3,"Ibukota Kecamatan dan Persentase Luas Wilayah Terhadap Kabupaten, 2025",Ciawi,Ibukota Kecamatan,-,,Ciawi,ada,"Data Hasil Podes 2021, diolah"
Geografi,1.1.3,"Ibukota Kecamatan dan Persentase Luas Wilayah Terhadap Kabupaten, 2025",Ciawi,Persentase terhadap Luas Kabupaten,%,1.67,"1,67",ada,"Data Hasil Podes 2021, diolah"
Geografi,1.1.3,"Ibukota Kecamatan dan Persentase Luas Wilayah Terhadap Kabupaten, 2025",Kadipaten,Ibukota Kecamatan,-,,Buniasih,ada,"Data Hasil Podes 2021, diolah"
Geografi,1.1.3,"Ibukota Kecamatan dan Persentase Luas Wilayah Terhadap Kabupaten, 2025",Kadipaten,Persentase terhadap Luas Kabupaten,%,1.69,"1,69",ada,"Data Hasil Podes 2021, diolah"
Geografi,1.1.3,"Ibukota Kecamatan dan Persentase Luas Wilayah Terhadap Kabupaten, 2025",Pagerageung,Ibukota Kecamatan,-,,Pagerageung,ada,"Data Hasil Podes 2021, diolah"
Geografi,1.1.3,"Ibukota Kecamatan dan Persentase Luas Wilayah Terhadap Kabupaten, 2025",Pagerageung,Persentase terhadap Luas Kabupaten,%,2.47,"2,47",ada,"Data Hasil Podes 2021, diolah"
Geografi,1.1.3,"Ibukota Kecamatan dan Persentase Luas Wilayah Terhadap Kabupaten, 2025",Sukaresik,Ibukota Kecamatan,-,,Sukaratu,ada,"Data Hasil Podes 2021, diolah"
Geografi,1.1.3,"Ibukota Kecamatan dan Persentase Luas Wilayah Terhadap Kabupaten, 2025",Sukaresik,Persentase terhadap Luas Kabupaten,%,0.66,"0,66",ada,"Data Hasil Podes 2021, diolah"
Geografi,1.1.3,"Ibukota Kecamatan dan Persentase Luas Wilayah Terhadap Kabupaten, 2025",Kabupaten Tasikmalaya,Ibukota Kecamatan,-,,Singaparna,ada,"Data Hasil Podes 2021, diolah"
Geografi,1.1.3,"Ibukota Kecamatan dan Persentase Luas Wilayah Terhadap Kabupaten, 2025",Kabupaten Tasikmalaya,Persentase terhadap Luas Kabupaten,%,,-,nihil,"Data Hasil Podes 2021, diolah"
