bab,nomor_tabel,judul_tabel,wilayah,rincian,indikator,satuan,tahun,nilai_num,nilai_teks,flag,sumber
Pemerintahan,2.1.1,Jumlah Desa/Kelurahan Menurut Kecamatan 2021-2025,Cipatujah,,Jumlah Desa/Kelurahan,desa/kel,2021,15,15,ada,Peraturan Kepala Badan Pusat Statistik Nomor 29 Tahun 2022 Tanggal 15 Januari 2022 tentang Perubahan Atas
Pemerintahan,2.1.1,Jumlah Desa/Kelurahan Menurut Kecamatan 2021-2025,Cipatujah,,Jumlah Desa/Kelurahan,desa/kel,2022,15,15,ada,Peraturan Kepala Badan Pusat Statistik Nomor 29 Tahun 2022 Tanggal 15 Januari 2022 tentang Perubahan Atas
Pemerintahan,2.1.1,Jumlah Desa/Kelurahan Menurut Kecamatan 2021-2025,Cipatujah,,Jumlah Desa/Kelurahan,desa/kel,2023,15,15,ada,Peraturan Kepala Badan Pusat Statistik Nomor 29 Tahun 2022 Tanggal 15 Januari 2022 tentang Perubahan Atas
Pemerintahan,2.1.1,Jumlah Desa/Kelurahan Menurut Kecamatan 2021-2025,Cipatujah,,Jumlah Desa/Kelurahan,desa/kel,2024,15,15,ada,Peraturan Kepala Badan Pusat Statistik Nomor 29 Tahun 2022 Tanggal 15 Januari 2022 tentang Perubahan Atas
Pemerintahan,2.1.1,Jumlah Desa/Kelurahan Menurut Kecamatan 2021-2025,Cipatujah,,Jumlah Desa/Kelurahan,desa/kel,2025,15,15,ada,Peraturan Kepala Badan Pusat Statistik Nomor 29 Tahun 2022 Tanggal 15 Januari 2022 tentang Perubahan Atas
Pemerintahan,2.1.1,Jumlah Desa/Kelurahan Menurut Kecamatan 2021-2025,Karangnunggal,,Jumlah Desa/Kelurahan,desa/kel,2021,14,14,ada,Peraturan Kepala Badan Pusat Statistik Nomor 29 Tahun 2022 Tanggal 15 Januari 2022 tentang Perubahan Atas
Pemerintahan,2.1.1,Jumlah Desa/Kelurahan Menurut Kecamatan 2021-2025,Karangnunggal,,Jumlah Desa/Kelurahan,desa/kel,2022,14,14,ada,Peraturan Kepala Badan Pusat Statistik Nomor 29 Tahun 2022 Tanggal 15 Januari 2022 tentang Perubahan Atas
Pemerintahan,2.1.1,Jumlah Desa/Kelurahan Menurut Kecamatan 2021-2025,Karangnunggal,,Jumlah Desa/Kelurahan,desa/kel,2023,14,14,ada,Peraturan Kepala Badan Pusat Statistik Nomor 29 Tahun 2022 Tanggal 15 Januari 2022 tentang Perubahan Atas
Pemerintahan,2.1.1,Jumlah Desa/Kelurahan Menurut Kecamatan 2021-2025,Karangnunggal,,Jumlah Desa/Kelurahan,desa/kel,2024,14,14,ada,Peraturan Kepala Badan Pusat Statistik Nomor 29 Tahun 2022 Tanggal 15 Januari 2022 tentang Perubahan Atas
Pemerintahan,2.1.1,Jumlah Desa/Kelurahan Menurut Kecamatan 2021-2025,Karangnunggal,,Jumlah Desa/Kelurahan,desa/kel,2025,14,14,ada,Peraturan Kepala Badan Pusat Statistik Nomor 29 Tahun 2022 Tanggal 15 Januari 2022 tentang Perubahan Atas
Pemerintahan,2.1.1,Jumlah Desa/Kelurahan Menurut Kecamatan 2021-2025,Cikalong,,Jumlah Desa/Kelurahan,desa/kel,2021,13,13,ada,Peraturan Kepala Badan Pusat Statistik Nomor 29 Tahun 2022 Tanggal 15 Januari 2022 tentang Perubahan Atas
Pemerintahan,2.1.1,Jumlah Desa/Kelurahan Menurut Kecamatan 2021-2025,Cikalong,,Jumlah Desa/Kelurahan,desa/kel,2022,13,13,ada,Peraturan Kepala Badan Pusat Statistik Nomor 29 Tahun 2022 Tanggal 15 Januari 2022 tentang Perubahan Atas
Pemerintahan,2.1.1,Jumlah Desa/Kelurahan Menurut Kecamatan 2021-2025,Cikalong,,Jumlah Desa/Kelurahan,desa/kel,2023,13,13,ada,Peraturan Kepala Badan Pusat Statistik Nomor 29 Tahun 2022 Tanggal 15 Januari 2022 tentang Perubahan Atas
Pemerintahan,2.1.1,Jumlah Desa/Kelurahan Menurut Kecamatan 2021-2025,Cikalong,,Jumlah Desa/Kelurahan,desa/kel,2024,13,13,ada,Peraturan Kepala Badan Pusat Statistik Nomor 29 Tahun 2022 Tanggal 15 Januari 2022 tentang Perubahan Atas
Pemerintahan,2.1.1,Jumlah Desa/Kelurahan Menurut Kecamatan 2021-2025,Cikalong,,Jumlah Desa/Kelurahan,desa/kel,2025,13,13,ada,Peraturan Kepala Badan Pusat Statistik Nomor 29 Tahun 2022 Tanggal 15 Januari 2022 tentang Perubahan Atas
Pemerintahan,2.1.1,Jumlah Desa/Kelurahan Menurut Kecamatan 2021-2025,Pancatengah,,Jumlah Desa/Kelurahan,desa/kel,2021,11,11,ada,Peraturan Kepala Badan Pusat Statistik Nomor 29 Tahun 2022 Tanggal 15 Januari 2022 tentang Perubahan Atas
Pemerintahan,2.1.1,Jumlah Desa/Kelurahan Menurut Kecamatan 2021-2025,Pancatengah,,Jumlah Desa/Kelurahan,desa/kel,2022,11,11,ada,Peraturan Kepala Badan Pusat Statistik Nomor 29 Tahun 2022 Tanggal 15 Januari 2022 tentang Perubahan Atas
Pemerintahan,2.1.1,Jumlah Desa/Kelurahan Menurut Kecamatan 2021-2025,Pancatengah,,Jumlah Desa/Kelurahan,desa/kel,2023,11,11,ada,Peraturan Kepala Badan Pusat Statistik Nomor 29 Tahun 2022 Tanggal 15 Januari 2022 tentang Perubahan Atas
Pemerintahan,2.1.1,Jumlah Desa/Kelurahan Menurut Kecamatan 2021-2025,Pancatengah,,Jumlah Desa/Kelurahan,desa/kel,2024,11,11,ada,Peraturan Kepala Badan Pusat Statistik Nomor 29 Tahun 2022 Tanggal 15 Januari 2022 tentang Perubahan Atas
Pemerintahan,2.1.1,Jumlah Desa/Kelurahan Menurut Kecamatan 2021-2025,Pancatengah,,Jumlah Desa/Kelurahan,desa/kel,2025,11,11,ada,Peraturan Kepala Badan Pusat Statistik Nomor 29 Tahun 2022 Tanggal 15 Januari 2022 tentang Perubahan Atas
Pemerintahan,2.1.1,Jumlah Desa/Kelurahan Menurut Kecamatan 2021-2025,Cikatomas,,Jumlah Desa/Kelurahan,desa/kel,2021,9,9,ada,Peraturan Kepala Badan Pusat Statistik Nomor 29 Tahun 2022 Tanggal 15 Januari 2022 tentang Perubahan Atas
Pemerintahan,2.1.1,Jumlah Desa/Kelurahan Menurut Kecamatan 2021-2025,Cikatomas,,Jumlah Desa/Kelurahan,desa/kel,2022,9,9,ada,Peraturan Kepala Badan Pusat Statistik Nomor 29 Tahun 2022 Tanggal 15 Januari 2022 tentang Perubahan Atas
Pemerintahan,2.1.1,Jumlah Desa/Kelurahan Menurut Kecamatan 2021-2025,Cikatomas,,Jumlah Desa/Kelurahan,desa/kel,2023,9,9,ada,Peraturan Kepala Badan Pusat Statistik Nomor 29 Tahun 2022 Tanggal 15 Januari 2022 tentang Perubahan Atas
Pemerintahan,2.1.1,Jumlah Desa/Kelurahan Menurut Kecamatan 2021-2025,Cikatomas,,Jumlah Desa/Kelurahan,desa/kel,2024,9,9,ada,Peraturan Kepala Badan Pusat Statistik Nomor 29 Tahun 2022 Tanggal 15 Januari 2022 tentang Perubahan Atas
Pemerintahan,2.1.1,Jumlah Desa/Kelurahan Menurut Kecamatan 2021-2025,Cikatomas,,Jumlah Desa/Kelurahan,desa/kel,2025,9,9,ada,Peraturan Kepala Badan Pusat Statistik Nomor 29 Tahun 2022 Tanggal 15 Januari 2022 tentang Perubahan Atas
Pemerintahan,2.1.1,Jumlah Desa/Kelurahan Menurut Kecamatan 2021-2025,Cibalong,,Jumlah Desa/Kelurahan,desa/kel,2021,6,6,ada,Peraturan Kepala Badan Pusat Statistik Nomor 29 Tahun 2022 Tanggal 15 Januari 2022 tentang Perubahan Atas
Pemerintahan,2.1.1,Jumlah Desa/Kelurahan Menurut Kecamatan 2021-2025,Cibalong,,Jumlah Desa/Kelurahan,desa/kel,2022,6,6,ada,Peraturan Kepala Badan Pusat Statistik Nomor 29 Tahun 2022 Tanggal 15 Januari 2022 tentang Perubahan Atas
Pemerintahan,2.1.1,Jumlah Desa/Kelurahan Menurut Kecamatan 2021-2025,Cibalong,,Jumlah Desa/Kelurahan,desa/kel,2023,6,6,ada,Peraturan Kepala Badan Pusat Statistik Nomor 29 Tahun 2022 Tanggal 15 Januari 2022 tentang Perubahan Atas
Pemerintahan,2.1.1,Jumlah Desa/Kelurahan Menurut Kecamatan 2021-2025,Cibalong,,Jumlah Desa/Kelurahan,desa/kel,2024,6,6,ada,Peraturan Kepala Badan Pusat Statistik Nomor 29 Tahun 2022 Tanggal 15 Januari 2022 tentang Perubahan Atas
Pemerintahan,2.1.1,Jumlah Desa/Kelurahan Menurut Kecamatan 2021-2025,Cibalong,,Jumlah Desa/Kelurahan,desa/kel,2025,6,6,ada,Peraturan Kepala Badan Pusat Statistik Nomor 29 Tahun 2022 Tanggal 15 Januari 2022 tentang Perubahan Atas
Pemerintahan,2.1.1,Jumlah Desa/Kelurahan Menurut Kecamatan 2021-2025,Parungponteng,,Jumlah Desa/Kelurahan,desa/kel,2021,8,8,ada,Peraturan Kepala Badan Pusat Statistik Nomor 29 Tahun 2022 Tanggal 15 Januari 2022 tentang Perubahan Atas
Pemerintahan,2.1.1,Jumlah Desa/Kelurahan Menurut Kecamatan 2021-2025,Parungponteng,,Jumlah Desa/Kelurahan,desa/kel,2022,8,8,ada,Peraturan Kepala Badan Pusat Statistik Nomor 29 Tahun 2022 Tanggal 15 Januari 2022 tentang Perubahan Atas
Pemerintahan,2.1.1,Jumlah Desa/Kelurahan Menurut Kecamatan 2021-2025,Parungponteng,,Jumlah Desa/Kelurahan,desa/kel,2023,8,8,ada,Peraturan Kepala Badan Pusat Statistik Nomor 29 Tahun 2022 Tanggal 15 Januari 2022 tentang Perubahan Atas
Pemerintahan,2.1.1,Jumlah Desa/Kelurahan Menurut Kecamatan 2021-2025,Parungponteng,,Jumlah Desa/Kelurahan,desa/kel,2024,8,8,ada,Peraturan Kepala Badan Pusat Statistik Nomor 29 Tahun 2022 Tanggal 15 Januari 2022 tentang Perubahan Atas
Pemerintahan,2.1.1,Jumlah Desa/Kelurahan Menurut Kecamatan 2021-2025,Parungponteng,,Jumlah Desa/Kelurahan,desa/kel,2025,8,8,ada,Peraturan Kepala Badan Pusat Statistik Nomor 29 Tahun 2022 Tanggal 15 Januari 2022 tentang Perubahan Atas
Pemerintahan,2.1.1,Jumlah Desa/Kelurahan Menurut Kecamatan 2021-2025,Bantarkalong,,Jumlah Desa/Kelurahan,desa/kel,2021,8,8,ada,Peraturan Kepala Badan Pusat Statistik Nomor 29 Tahun 2022 Tanggal 15 Januari 2022 tentang Perubahan Atas
Pemerintahan,2.1.1,Jumlah Desa/Kelurahan Menurut Kecamatan 2021-2025,Bantarkalong,,Jumlah Desa/Kelurahan,desa/kel,2022,8,8,ada,Peraturan Kepala Badan Pusat Statistik Nomor 29 Tahun 2022 Tanggal 15 Januari 2022 tentang Perubahan Atas
Pemerintahan,2.1.1,Jumlah Desa/Kelurahan Menurut Kecamatan 2021-2025,Bantarkalong,,Jumlah Desa/Kelurahan,desa/kel,2023,8,8,ada,Peraturan Kepala Badan Pusat Statistik Nomor 29 Tahun 2022 Tanggal 15 Januari 2022 tentang Perubahan Atas
Pemerintahan,2.1.1,Jumlah Desa/Kelurahan Menurut Kecamatan 2021-2025,Bantarkalong,,Jumlah Desa/Kelurahan,desa/kel,2024,8,8,ada,Peraturan Kepala Badan Pusat Statistik Nomor 29 Tahun 2022 Tanggal 15 Januari 2022 tentang Perubahan Atas
Pemerintahan,2.1.1,Jumlah Desa/Kelurahan Menurut Kecamatan 2021-2025,Bantarkalong,,Jumlah Desa/Kelurahan,desa/kel,2025,8,8,ada,Peraturan Kepala Badan Pusat Statistik Nomor 29 Tahun 2022 Tanggal 15 Januari 2022 tentang Perubahan Atas
Pemerintahan,2.1.1,Jumlah Desa/Kelurahan Menurut Kecamatan 2021-2025,Bojongasih,,Jumlah Desa/Kelurahan,desa/kel,2021,6,6,ada,Peraturan Kepala Badan Pusat Statistik Nomor 29 Tahun 2022 Tanggal 15 Januari 2022 tentang Perubahan Atas
Pemerintahan,2.1.1,Jumlah Desa/Kelurahan Menurut Kecamatan 2021-2025,Bojongasih,,Jumlah Desa/Kelurahan,desa/kel,2022,6,6,ada,Peraturan Kepala Badan Pusat Statistik Nomor 29 Tahun 2022 Tanggal 15 Januari 2022 tentang Perubahan Atas
Pemerintahan,2.1.1,Jumlah Desa/Kelurahan Menurut Kecamatan 2021-2025,Bojongasih,,Jumlah Desa/Kelurahan,desa/kel,2023,6,6,ada,Peraturan Kepala Badan Pusat Statistik Nomor 29 Tahun 2022 Tanggal 15 Januari 2022 tentang Perubahan Atas
Pemerintahan,2.1.1,Jumlah Desa/Kelurahan Menurut Kecamatan 2021-2025,Bojongasih,,Jumlah Desa/Kelurahan,desa/kel,2024,6,6,ada,Peraturan Kepala Badan Pusat Statistik Nomor 29 Tahun 2022 Tanggal 15 Januari 2022 tentang Perubahan Atas
Pemerintahan,2.1.1,Jumlah Desa/Kelurahan Menurut Kecamatan 2021-2025,Bojongasih,,Jumlah Desa/Kelurahan,desa/kel,2025,6,6,ada,Peraturan Kepala Badan Pusat Statistik Nomor 29 Tahun 2022 Tanggal 15 Januari 2022 tentang Perubahan Atas
Pemerintahan,2.1.1,Jumlah Desa/Kelurahan Menurut Kecamatan 2021-2025,Culamega,,Jumlah Desa/Kelurahan,desa/kel,2021,5,5,ada,Peraturan Kepala Badan Pusat Statistik Nomor 29 Tahun 2022 Tanggal 15 Januari 2022 tentang Perubahan Atas
Pemerintahan,2.1.1,Jumlah Desa/Kelurahan Menurut Kecamatan 2021-2025,Culamega,,Jumlah Desa/Kelurahan,desa/kel,2022,5,5,ada,Peraturan Kepala Badan Pusat Statistik Nomor 29 Tahun 2022 Tanggal 15 Januari 2022 tentang Perubahan Atas
Pemerintahan,2.1.1,Jumlah Desa/Kelurahan Menurut Kecamatan 2021-2025,Culamega,,Jumlah Desa/Kelurahan,desa/kel,2023,5,5,ada,Peraturan Kepala Badan Pusat Statistik Nomor 29 Tahun 2022 Tanggal 15 Januari 2022 tentang Perubahan Atas
Pemerintahan,2.1.1,Jumlah Desa/Kelurahan Menurut Kecamatan 2021-2025,Culamega,,Jumlah Desa/Kelurahan,desa/kel,2024,5,5,ada,Peraturan Kepala Badan Pusat Statistik Nomor 29 Tahun 2022 Tanggal 15 Januari 2022 tentang Perubahan Atas
Pemerintahan,2.1.1,Jumlah Desa/Kelurahan Menurut Kecamatan 2021-2025,Culamega,,Jumlah Desa/Kelurahan,desa/kel,2025,5,5,ada,Peraturan Kepala Badan Pusat Statistik Nomor 29 Tahun 2022 Tanggal 15 Januari 2022 tentang Perubahan Atas
Pemerintahan,2.1.1,Jumlah Desa/Kelurahan Menurut Kecamatan 2021-2025,Bojonggambir,,Jumlah Desa/Kelurahan,desa/kel,2021,10,10,ada,Peraturan Kepala Badan Pusat Statistik Nomor 29 Tahun 2022 Tanggal 15 Januari 2022 tentang Perubahan Atas
Pemerintahan,2.1.1,Jumlah Desa/Kelurahan Menurut Kecamatan 2021-2025,Bojonggambir,,Jumlah Desa/Kelurahan,desa/kel,2022,10,10,ada,Peraturan Kepala Badan Pusat Statistik Nomor 29 Tahun 2022 Tanggal 15 Januari 2022 tentang Perubahan Atas
Pemerintahan,2.1.1,Jumlah Desa/Kelurahan Menurut Kecamatan 2021-2025,Bojonggambir,,Jumlah Desa/Kelurahan,desa/kel,2023,10,10,ada,Peraturan Kepala Badan Pusat Statistik Nomor 29 Tahun 2022 Tanggal 15 Januari 2022 tentang Perubahan Atas
Pemerintahan,2.1.1,Jumlah Desa/Kelurahan Menurut Kecamatan 2021-2025,Bojonggambir,,Jumlah Desa/Kelurahan,desa/kel,2024,10,10,ada,Peraturan Kepala Badan Pusat Statistik Nomor 29 Tahun 2022 Tanggal 15 Januari 2022 tentang Perubahan Atas
Pemerintahan,2.1.1,Jumlah Desa/Kelurahan Menurut Kecamatan 2021-2025,Bojonggambir,,Jumlah Desa/Kelurahan,desa/kel,2025,10,10,ada,Peraturan Kepala Badan Pusat Statistik Nomor 29 Tahun 2022 Tanggal 15 Januari 2022 tentang Perubahan Atas
Pemerintahan,2.1.1,Jumlah Desa/Kelurahan Menurut Kecamatan 2021-2025,Sodonghilir,,Jumlah Desa/Kelurahan,desa/kel,2021,12,12,ada,Peraturan Kepala Badan Pusat Statistik Nomor 29 Tahun 2022 Tanggal 15 Januari 2022 tentang Perubahan Atas
Pemerintahan,2.1.1,Jumlah Desa/Kelurahan Menurut Kecamatan 2021-2025,Sodonghilir,,Jumlah Desa/Kelurahan,desa/kel,2022,12,12,ada,Peraturan Kepala Badan Pusat Statistik Nomor 29 Tahun 2022 Tanggal 15 Januari 2022 tentang Perubahan Atas
Pemerintahan,2.1.1,Jumlah Desa/Kelurahan Menurut Kecamatan 2021-2025,Sodonghilir,,Jumlah Desa/Kelurahan,desa/kel,2023,12,12,ada,Peraturan Kepala Badan Pusat Statistik Nomor 29 Tahun 2022 Tanggal 15 Januari 2022 tentang Perubahan Atas
Pemerintahan,2.1.1,Jumlah Desa/Kelurahan Menurut Kecamatan 2021-2025,Sodonghilir,,Jumlah Desa/Kelurahan,desa/kel,2024,12,12,ada,Peraturan Kepala Badan Pusat Statistik Nomor 29 Tahun 2022 Tanggal 15 Januari 2022 tentang Perubahan Atas
Pemerintahan,2.1.1,Jumlah Desa/Kelurahan Menurut Kecamatan 2021-2025,Sodonghilir,,Jumlah Desa/Kelurahan,desa/kel,2025,12,12,ada,Peraturan Kepala Badan Pusat Statistik Nomor 29 Tahun 2022 Tanggal 15 Januari 2022 tentang Perubahan Atas
Pemerintahan,2.1.1,Jumlah Desa/Kelurahan Menurut Kecamatan 2021-2025,Taraju,,Jumlah Desa/Kelurahan,desa/kel,2021,9,9,ada,Peraturan Kepala Badan Pusat Statistik Nomor 29 Tahun 2022 Tanggal 15 Januari 2022 tentang Perubahan Atas
Pemerintahan,2.1.1,Jumlah Desa/Kelurahan Menurut Kecamatan 2021-2025,Taraju,,Jumlah Desa/Kelurahan,desa/kel,2022,9,9,ada,Peraturan Kepala Badan Pusat Statistik Nomor 29 Tahun 2022 Tanggal 15 Januari 2022 tentang Perubahan Atas
Pemerintahan,2.1.1,Jumlah Desa/Kelurahan Menurut Kecamatan 2021-2025,Taraju,,Jumlah Desa/Kelurahan,desa/kel,2023,9,9,ada,Peraturan Kepala Badan Pusat Statistik Nomor 29 Tahun 2022 Tanggal 15 Januari 2022 tentang Perubahan Atas
Pemerintahan,2.1.1,Jumlah Desa/Kelurahan Menurut Kecamatan 2021-2025,Taraju,,Jumlah Desa/Kelurahan,desa/kel,2024,9,9,ada,Peraturan Kepala Badan Pusat Statistik Nomor 29 Tahun 2022 Tanggal 15 Januari 2022 tentang Perubahan Atas
Pemerintahan,2.1.1,Jumlah Desa/Kelurahan Menurut Kecamatan 2021-2025,Taraju,,Jumlah Desa/Kelurahan,desa/kel,2025,9,9,ada,Peraturan Kepala Badan Pusat Statistik Nomor 29 Tahun 2022 Tanggal 15 Januari 2022 tentang Perubahan Atas
Pemerintahan,2.1.1,Jumlah Desa/Kelurahan Menurut Kecamatan 2021-2025,Salawu,,Jumlah Desa/Kelurahan,desa/kel,2021,12,12,ada,Peraturan Kepala Badan Pusat Statistik Nomor 29 Tahun 2022 Tanggal 15 Januari 2022 tentang Perubahan Atas
Pemerintahan,2.1.1,Jumlah Desa/Kelurahan Menurut Kecamatan 2021-2025,Salawu,,Jumlah Desa/Kelurahan,desa/kel,2022,12,12,ada,Peraturan Kepala Badan Pusat Statistik Nomor 29 Tahun 2022 Tanggal 15 Januari 2022 tentang Perubahan Atas
Pemerintahan,2.1.1,Jumlah Desa/Kelurahan Menurut Kecamatan 2021-2025,Salawu,,Jumlah Desa/Kelurahan,desa/kel,2023,12,12,ada,Peraturan Kepala Badan Pusat Statistik Nomor 29 Tahun 2022 Tanggal 15 Januari 2022 tentang Perubahan Atas
Pemerintahan,2.1.1,Jumlah Desa/Kelurahan Menurut Kecamatan 2021-2025,Salawu,,Jumlah Desa/Kelurahan,desa/kel,2024,12,12,ada,Peraturan Kepala Badan Pusat Statistik Nomor 29 Tahun 2022 Tanggal 15 Januari 2022 tentang Perubahan Atas
Pemerintahan,2.1.1,Jumlah Desa/Kelurahan Menurut Kecamatan 2021-2025,Salawu,,Jumlah Desa/Kelurahan,desa/kel,2025,12,12,ada,Peraturan Kepala Badan Pusat Statistik Nomor 29 Tahun 2022 Tanggal 15 Januari 2022 tentang Perubahan Atas
Pemerintahan,2.1.1,Jumlah Desa/Kelurahan Menurut Kecamatan 2021-2025,Puspahiang,,Jumlah Desa/Kelurahan,desa/kel,2021,8,8,ada,Peraturan Kepala Badan Pusat Statistik Nomor 29 Tahun 2022 Tanggal 15 Januari 2022 tentang Perubahan Atas
Pemerintahan,2.1.1,Jumlah Desa/Kelurahan Menurut Kecamatan 2021-2025,Puspahiang,,Jumlah Desa/Kelurahan,desa/kel,2022,8,8,ada,Peraturan Kepala Badan Pusat Statistik Nomor 29 Tahun 2022 Tanggal 15 Januari 2022 tentang Perubahan Atas
Pemerintahan,2.1.1,Jumlah Desa/Kelurahan Menurut Kecamatan 2021-2025,Puspahiang,,Jumlah Desa/Kelurahan,desa/kel,2023,8,8,ada,Peraturan Kepala Badan Pusat Statistik Nomor 29 Tahun 2022 Tanggal 15 Januari 2022 tentang Perubahan Atas
Pemerintahan,2.1.1,Jumlah Desa/Kelurahan Menurut Kecamatan 2021-2025,Puspahiang,,Jumlah Desa/Kelurahan,desa/kel,2024,8,8,ada,Peraturan Kepala Badan Pusat Statistik Nomor 29 Tahun 2022 Tanggal 15 Januari 2022 tentang Perubahan Atas
Pemerintahan,2.1.1,Jumlah Desa/Kelurahan Menurut Kecamatan 2021-2025,Puspahiang,,Jumlah Desa/Kelurahan,desa/kel,2025,8,8,ada,Peraturan Kepala Badan Pusat Statistik Nomor 29 Tahun 2022 Tanggal 15 Januari 2022 tentang Perubahan Atas
Pemerintahan,2.1.1,Jumlah Desa/Kelurahan Menurut Kecamatan 2021-2025,Tanjungjaya,,Jumlah Desa/Kelurahan,desa/kel,2021,7,7,ada,Peraturan Kepala Badan Pusat Statistik Nomor 29 Tahun 2022 Tanggal 15 Januari 2022 tentang Perubahan Atas
Pemerintahan,2.1.1,Jumlah Desa/Kelurahan Menurut Kecamatan 2021-2025,Tanjungjaya,,Jumlah Desa/Kelurahan,desa/kel,2022,7,7,ada,Peraturan Kepala Badan Pusat Statistik Nomor 29 Tahun 2022 Tanggal 15 Januari 2022 tentang Perubahan Atas
Pemerintahan,2.1.1,Jumlah Desa/Kelurahan Menurut Kecamatan 2021-2025,Tanjungjaya,,Jumlah Desa/Kelurahan,desa/kel,2023,7,7,ada,Peraturan Kepala Badan Pusat Statistik Nomor 29 Tahun 2022 Tanggal 15 Januari 2022 tentang Perubahan Atas
Pemerintahan,2.1.1,Jumlah Desa/Kelurahan Menurut Kecamatan 2021-2025,Tanjungjaya,,Jumlah Desa/Kelurahan,desa/kel,2024,7,7,ada,Peraturan Kepala Badan Pusat Statistik Nomor 29 Tahun 2022 Tanggal 15 Januari 2022 tentang Perubahan Atas
Pemerintahan,2.1.1,Jumlah Desa/Kelurahan Menurut Kecamatan 2021-2025,Tanjungjaya,,Jumlah Desa/Kelurahan,desa/kel,2025,7,7,ada,Peraturan Kepala Badan Pusat Statistik Nomor 29 Tahun 2022 Tanggal 15 Januari 2022 tentang Perubahan Atas
Pemerintahan,2.1.1,Jumlah Desa/Kelurahan Menurut Kecamatan 2021-2025,Sukaraja,,Jumlah Desa/Kelurahan,desa/kel,2021,8,8,ada,Peraturan Kepala Badan Pusat Statistik Nomor 29 Tahun 2022 Tanggal 15 Januari 2022 tentang Perubahan Atas
Pemerintahan,2.1.1,Jumlah Desa/Kelurahan Menurut Kecamatan 2021-2025,Sukaraja,,Jumlah Desa/Kelurahan,desa/kel,2022,8,8,ada,Peraturan Kepala Badan Pusat Statistik Nomor 29 Tahun 2022 Tanggal 15 Januari 2022 tentang Perubahan Atas
Pemerintahan,2.1.1,Jumlah Desa/Kelurahan Menurut Kecamatan 2021-2025,Sukaraja,,Jumlah Desa/Kelurahan,desa/kel,2023,8,8,ada,Peraturan Kepala Badan Pusat Statistik Nomor 29 Tahun 2022 Tanggal 15 Januari 2022 tentang Perubahan Atas
Pemerintahan,2.1.1,Jumlah Desa/Kelurahan Menurut Kecamatan 2021-2025,Sukaraja,,Jumlah Desa/Kelurahan,desa/kel,2024,8,8,ada,Peraturan Kepala Badan Pusat Statistik Nomor 29 Tahun 2022 Tanggal 15 Januari 2022 tentang Perubahan Atas
Pemerintahan,2.1.1,Jumlah Desa/Kelurahan Menurut Kecamatan 2021-2025,Sukaraja,,Jumlah Desa/Kelurahan,desa/kel,2025,8,8,ada,Peraturan Kepala Badan Pusat Statistik Nomor 29 Tahun 2022 Tanggal 15 Januari 2022 tentang Perubahan Atas
Pemerintahan,2.1.1,Jumlah Desa/Kelurahan Menurut Kecamatan 2021-2025,Salopa,,Jumlah Desa/Kelurahan,desa/kel,2021,9,9,ada,Peraturan Kepala Badan Pusat Statistik Nomor 29 Tahun 2022 Tanggal 15 Januari 2022 tentang Perubahan Atas
Pemerintahan,2.1.1,Jumlah Desa/Kelurahan Menurut Kecamatan 2021-2025,Salopa,,Jumlah Desa/Kelurahan,desa/kel,2022,9,9,ada,Peraturan Kepala Badan Pusat Statistik Nomor 29 Tahun 2022 Tanggal 15 Januari 2022 tentang Perubahan Atas
Pemerintahan,2.1.1,Jumlah Desa/Kelurahan Menurut Kecamatan 2021-2025,Salopa,,Jumlah Desa/Kelurahan,desa/kel,2023,9,9,ada,Peraturan Kepala Badan Pusat Statistik Nomor 29 Tahun 2022 Tanggal 15 Januari 2022 tentang Perubahan Atas
Pemerintahan,2.1.1,Jumlah Desa/Kelurahan Menurut Kecamatan 2021-2025,Salopa,,Jumlah Desa/Kelurahan,desa/kel,2024,9,9,ada,Peraturan Kepala Badan Pusat Statistik Nomor 29 Tahun 2022 Tanggal 15 Januari 2022 tentang Perubahan Atas
Pemerintahan,2.1.1,Jumlah Desa/Kelurahan Menurut Kecamatan 2021-2025,Salopa,,Jumlah Desa/Kelurahan,desa/kel,2025,9,9,ada,Peraturan Kepala Badan Pusat Statistik Nomor 29 Tahun 2022 Tanggal 15 Januari 2022 tentang Perubahan Atas
Pemerintahan,2.1.1,Jumlah Desa/Kelurahan Menurut Kecamatan 2021-2025,Jatiwaras,,Jumlah Desa/Kelurahan,desa/kel,2021,11,11,ada,Peraturan Kepala Badan Pusat Statistik Nomor 29 Tahun 2022 Tanggal 15 Januari 2022 tentang Perubahan Atas
Pemerintahan,2.1.1,Jumlah Desa/Kelurahan Menurut Kecamatan 2021-2025,Jatiwaras,,Jumlah Desa/Kelurahan,desa/kel,2022,11,11,ada,Peraturan Kepala Badan Pusat Statistik Nomor 29 Tahun 2022 Tanggal 15 Januari 2022 tentang Perubahan Atas
Pemerintahan,2.1.1,Jumlah Desa/Kelurahan Menurut Kecamatan 2021-2025,Jatiwaras,,Jumlah Desa/Kelurahan,desa/kel,2023,11,11,ada,Peraturan Kepala Badan Pusat Statistik Nomor 29 Tahun 2022 Tanggal 15 Januari 2022 tentang Perubahan Atas
Pemerintahan,2.1.1,Jumlah Desa/Kelurahan Menurut Kecamatan 2021-2025,Jatiwaras,,Jumlah Desa/Kelurahan,desa/kel,2024,11,11,ada,Peraturan Kepala Badan Pusat Statistik Nomor 29 Tahun 2022 Tanggal 15 Januari 2022 tentang Perubahan Atas
Pemerintahan,2.1.1,Jumlah Desa/Kelurahan Menurut Kecamatan 2021-2025,Jatiwaras,,Jumlah Desa/Kelurahan,desa/kel,2025,11,11,ada,Peraturan Kepala Badan Pusat Statistik Nomor 29 Tahun 2022 Tanggal 15 Januari 2022 tentang Perubahan Atas
Pemerintahan,2.1.1,Jumlah Desa/Kelurahan Menurut Kecamatan 2021-2025,Cineam,,Jumlah Desa/Kelurahan,desa/kel,2021,10,10,ada,Peraturan Kepala Badan Pusat Statistik Nomor 29 Tahun 2022 Tanggal 15 Januari 2022 tentang Perubahan Atas
Pemerintahan,2.1.1,Jumlah Desa/Kelurahan Menurut Kecamatan 2021-2025,Cineam,,Jumlah Desa/Kelurahan,desa/kel,2022,10,10,ada,Peraturan Kepala Badan Pusat Statistik Nomor 29 Tahun 2022 Tanggal 15 Januari 2022 tentang Perubahan Atas
Pemerintahan,2.1.1,Jumlah Desa/Kelurahan Menurut Kecamatan 2021-2025,Cineam,,Jumlah Desa/Kelurahan,desa/kel,2023,10,10,ada,Peraturan Kepala Badan Pusat Statistik Nomor 29 Tahun 2022 Tanggal 15 Januari 2022 tentang Perubahan Atas
Pemerintahan,2.1.1,Jumlah Desa/Kelurahan Menurut Kecamatan 2021-2025,Cineam,,Jumlah Desa/Kelurahan,desa/kel,2024,10,10,ada,Peraturan Kepala Badan Pusat Statistik Nomor 29 Tahun 2022 Tanggal 15 Januari 2022 tentang Perubahan Atas
Pemerintahan,2.1.1,Jumlah Desa/Kelurahan Menurut Kecamatan 2021-2025,Cineam,,Jumlah Desa/Kelurahan,desa/kel,2025,10,10,ada,Peraturan Kepala Badan Pusat Statistik Nomor 29 Tahun 2022 Tanggal 15 Januari 2022 tentang Perubahan Atas
Pemerintahan,2.1.1,Jumlah Desa/Kelurahan Menurut Kecamatan 2021-2025,Karangjaya,,Jumlah Desa/Kelurahan,desa/kel,2021,4,4,ada,Peraturan Kepala Badan Pusat Statistik Nomor 29 Tahun 2022 Tanggal 15 Januari 2022 tentang Perubahan Atas
Pemerintahan,2.1.1,Jumlah Desa/Kelurahan Menurut Kecamatan 2021-2025,Karangjaya,,Jumlah Desa/Kelurahan,desa/kel,2022,4,4,ada,Peraturan Kepala Badan Pusat Statistik Nomor 29 Tahun 2022 Tanggal 15 Januari 2022 tentang Perubahan Atas
Pemerintahan,2.1.1,Jumlah Desa/Kelurahan Menurut Kecamatan 2021-2025,Karangjaya,,Jumlah Desa/Kelurahan,desa/kel,2023,4,4,ada,Peraturan Kepala Badan Pusat Statistik Nomor 29 Tahun 2022 Tanggal 15 Januari 2022 tentang Perubahan Atas
Pemerintahan,2.1.1,Jumlah Desa/Kelurahan Menurut Kecamatan 2021-2025,Karangjaya,,Jumlah Desa/Kelurahan,desa/kel,2024,4,4,ada,Peraturan Kepala Badan Pusat Statistik Nomor 29 Tahun 2022 Tanggal 15 Januari 2022 tentang Perubahan Atas
Pemerintahan,2.1.1,Jumlah Desa/Kelurahan Menurut Kecamatan 2021-2025,Karangjaya,,Jumlah Desa/Kelurahan,desa/kel,2025,4,4,ada,Peraturan Kepala Badan Pusat Statistik Nomor 29 Tahun 2022 Tanggal 15 Januari 2022 tentang Perubahan Atas
Pemerintahan,2.1.1,Jumlah Desa/Kelurahan Menurut Kecamatan 2021-2025,Manonjaya,,Jumlah Desa/Kelurahan,desa/kel,2021,12,12,ada,Peraturan Kepala Badan Pusat Statistik Nomor 29 Tahun 2022 Tanggal 15 Januari 2022 tentang Perubahan Atas
Pemerintahan,2.1.1,Jumlah Desa/Kelurahan Menurut Kecamatan 2021-2025,Manonjaya,,Jumlah Desa/Kelurahan,desa/kel,2022,12,12,ada,Peraturan Kepala Badan Pusat Statistik Nomor 29 Tahun 2022 Tanggal 15 Januari 2022 tentang Perubahan Atas
Pemerintahan,2.1.1,Jumlah Desa/Kelurahan Menurut Kecamatan 2021-2025,Manonjaya,,Jumlah Desa/Kelurahan,desa/kel,2023,12,12,ada,Peraturan Kepala Badan Pusat Statistik Nomor 29 Tahun 2022 Tanggal 15 Januari 2022 tentang Perubahan Atas
Pemerintahan,2.1.1,Jumlah Desa/Kelurahan Menurut Kecamatan 2021-2025,Manonjaya,,Jumlah Desa/Kelurahan,desa/kel,2024,12,12,ada,Peraturan Kepala Badan Pusat Statistik Nomor 29 Tahun 2022 Tanggal 15 Januari 2022 tentang Perubahan Atas
Pemerintahan,2.1.1,Jumlah Desa/Kelurahan Menurut Kecamatan 2021-2025,Manonjaya,,Jumlah Desa/Kelurahan,desa/kel,2025,12,12,ada,Peraturan Kepala Badan Pusat Statistik Nomor 29 Tahun 2022 Tanggal 15 Januari 2022 tentang Perubahan Atas
Pemerintahan,2.1.1,Jumlah Desa/Kelurahan Menurut Kecamatan 2021-2025,Gunungtanjung,,Jumlah Desa/Kelurahan,desa/kel,2021,7,7,ada,Peraturan Kepala Badan Pusat Statistik Nomor 29 Tahun 2022 Tanggal 15 Januari 2022 tentang Perubahan Atas
Pemerintahan,2.1.1,Jumlah Desa/Kelurahan Menurut Kecamatan 2021-2025,Gunungtanjung,,Jumlah Desa/Kelurahan,desa/kel,2022,7,7,ada,Peraturan Kepala Badan Pusat Statistik Nomor 29 Tahun 2022 Tanggal 15 Januari 2022 tentang Perubahan Atas
Pemerintahan,2.1.1,Jumlah Desa/Kelurahan Menurut Kecamatan 2021-2025,Gunungtanjung,,Jumlah Desa/Kelurahan,desa/kel,2023,7,7,ada,Peraturan Kepala Badan Pusat Statistik Nomor 29 Tahun 2022 Tanggal 15 Januari 2022 tentang Perubahan Atas
Pemerintahan,2.1.1,Jumlah Desa/Kelurahan Menurut Kecamatan 2021-2025,Gunungtanjung,,Jumlah Desa/Kelurahan,desa/kel,2024,7,7,ada,Peraturan Kepala Badan Pusat Statistik Nomor 29 Tahun 2022 Tanggal 15 Januari 2022 tentang Perubahan Atas
Pemerintahan,2.1.1,Jumlah Desa/Kelurahan Menurut Kecamatan 2021-2025,Gunungtanjung,,Jumlah Desa/Kelurahan,desa/kel,2025,7,7,ada,Peraturan Kepala Badan Pusat Statistik Nomor 29 Tahun 2022 Tanggal 15 Januari 2022 tentang Perubahan Atas
Pemerintahan,2.1.1,Jumlah Desa/Kelurahan Menurut Kecamatan 2021-2025,Singaparna,,Jumlah Desa/Kelurahan,desa/kel,2021,10,10,ada,Peraturan Kepala Badan Pusat Statistik Nomor 29 Tahun 2022 Tanggal 15 Januari 2022 tentang Perubahan Atas
Pemerintahan,2.1.1,Jumlah Desa/Kelurahan Menurut Kecamatan 2021-2025,Singaparna,,Jumlah Desa/Kelurahan,desa/kel,2022,10,10,ada,Peraturan Kepala Badan Pusat Statistik Nomor 29 Tahun 2022 Tanggal 15 Januari 2022 tentang Perubahan Atas
Pemerintahan,2.1.1,Jumlah Desa/Kelurahan Menurut Kecamatan 2021-2025,Singaparna,,Jumlah Desa/Kelurahan,desa/kel,2023,10,10,ada,Peraturan Kepala Badan Pusat Statistik Nomor 29 Tahun 2022 Tanggal 15 Januari 2022 tentang Perubahan Atas
Pemerintahan,2.1.1,Jumlah Desa/Kelurahan Menurut Kecamatan 2021-2025,Singaparna,,Jumlah Desa/Kelurahan,desa/kel,2024,10,10,ada,Peraturan Kepala Badan Pusat Statistik Nomor 29 Tahun 2022 Tanggal 15 Januari 2022 tentang Perubahan Atas
Pemerintahan,2.1.1,Jumlah Desa/Kelurahan Menurut Kecamatan 2021-2025,Singaparna,,Jumlah Desa/Kelurahan,desa/kel,2025,10,10,ada,Peraturan Kepala Badan Pusat Statistik Nomor 29 Tahun 2022 Tanggal 15 Januari 2022 tentang Perubahan Atas
Pemerintahan,2.1.1,Jumlah Desa/Kelurahan Menurut Kecamatan 2021-2025,Sukarame,,Jumlah Desa/Kelurahan,desa/kel,2021,6,6,ada,Peraturan Kepala Badan Pusat Statistik Nomor 29 Tahun 2022 Tanggal 15 Januari 2022 tentang Perubahan Atas
Pemerintahan,2.1.1,Jumlah Desa/Kelurahan Menurut Kecamatan 2021-2025,Sukarame,,Jumlah Desa/Kelurahan,desa/kel,2022,6,6,ada,Peraturan Kepala Badan Pusat Statistik Nomor 29 Tahun 2022 Tanggal 15 Januari 2022 tentang Perubahan Atas
Pemerintahan,2.1.1,Jumlah Desa/Kelurahan Menurut Kecamatan 2021-2025,Sukarame,,Jumlah Desa/Kelurahan,desa/kel,2023,6,6,ada,Peraturan Kepala Badan Pusat Statistik Nomor 29 Tahun 2022 Tanggal 15 Januari 2022 tentang Perubahan Atas
Pemerintahan,2.1.1,Jumlah Desa/Kelurahan Menurut Kecamatan 2021-2025,Sukarame,,Jumlah Desa/Kelurahan,desa/kel,2024,6,6,ada,Peraturan Kepala Badan Pusat Statistik Nomor 29 Tahun 2022 Tanggal 15 Januari 2022 tentang Perubahan Atas
Pemerintahan,2.1.1,Jumlah Desa/Kelurahan Menurut Kecamatan 2021-2025,Sukarame,,Jumlah Desa/Kelurahan,desa/kel,2025,6,6,ada,Peraturan Kepala Badan Pusat Statistik Nomor 29 Tahun 2022 Tanggal 15 Januari 2022 tentang Perubahan Atas
Pemerintahan,2.1.1,Jumlah Desa/Kelurahan Menurut Kecamatan 2021-2025,Mangunreja,,Jumlah Desa/Kelurahan,desa/kel,2021,6,6,ada,Peraturan Kepala Badan Pusat Statistik Nomor 29 Tahun 2022 Tanggal 15 Januari 2022 tentang Perubahan Atas
Pemerintahan,2.1.1,Jumlah Desa/Kelurahan Menurut Kecamatan 2021-2025,Mangunreja,,Jumlah Desa/Kelurahan,desa/kel,2022,6,6,ada,Peraturan Kepala Badan Pusat Statistik Nomor 29 Tahun 2022 Tanggal 15 Januari 2022 tentang Perubahan Atas
Pemerintahan,2.1.1,Jumlah Desa/Kelurahan Menurut Kecamatan 2021-2025,Mangunreja,,Jumlah Desa/Kelurahan,desa/kel,2023,6,6,ada,Peraturan Kepala Badan Pusat Statistik Nomor 29 Tahun 2022 Tanggal 15 Januari 2022 tentang Perubahan Atas
Pemerintahan,2.1.1,Jumlah Desa/Kelurahan Menurut Kecamatan 2021-2025,Mangunreja,,Jumlah Desa/Kelurahan,desa/kel,2024,6,6,ada,Peraturan Kepala Badan Pusat Statistik Nomor 29 Tahun 2022 Tanggal 15 Januari 2022 tentang Perubahan Atas
Pemerintahan,2.1.1,Jumlah Desa/Kelurahan Menurut Kecamatan 2021-2025,Mangunreja,,Jumlah Desa/Kelurahan,desa/kel,2025,6,6,ada,Peraturan Kepala Badan Pusat Statistik Nomor 29 Tahun 2022 Tanggal 15 Januari 2022 tentang Perubahan Atas
Pemerintahan,2.1.1,Jumlah Desa/Kelurahan Menurut Kecamatan 2021-2025,Cigalontang,,Jumlah Desa/Kelurahan,desa/kel,2021,16,16,ada,Peraturan Kepala Badan Pusat Statistik Nomor 29 Tahun 2022 Tanggal 15 Januari 2022 tentang Perubahan Atas
Pemerintahan,2.1.1,Jumlah Desa/Kelurahan Menurut Kecamatan 2021-2025,Cigalontang,,Jumlah Desa/Kelurahan,desa/kel,2022,16,16,ada,Peraturan Kepala Badan Pusat Statistik Nomor 29 Tahun 2022 Tanggal 15 Januari 2022 tentang Perubahan Atas
Pemerintahan,2.1.1,Jumlah Desa/Kelurahan Menurut Kecamatan 2021-2025,Cigalontang,,Jumlah Desa/Kelurahan,desa/kel,2023,16,16,ada,Peraturan Kepala Badan Pusat Statistik Nomor 29 Tahun 2022 Tanggal 15 Januari 2022 tentang Perubahan Atas
Pemerintahan,2.1.1,Jumlah Desa/Kelurahan Menurut Kecamatan 2021-2025,Cigalontang,,Jumlah Desa/Kelurahan,desa/kel,2024,16,16,ada,Peraturan Kepala Badan Pusat Statistik Nomor 29 Tahun 2022 Tanggal 15 Januari 2022 tentang Perubahan Atas
Pemerintahan,2.1.1,Jumlah Desa/Kelurahan Menurut Kecamatan 2021-2025,Cigalontang,,Jumlah Desa/Kelurahan,desa/kel,2025,16,16,ada,Peraturan Kepala Badan Pusat Statistik Nomor 29 Tahun 2022 Tanggal 15 Januari 2022 tentang Perubahan Atas
Pemerintahan,2.1.1,Jumlah Desa/Kelurahan Menurut Kecamatan 2021-2025,Leuwisari,,Jumlah Desa/Kelurahan,desa/kel,2021,7,7,ada,Peraturan Kepala Badan Pusat Statistik Nomor 29 Tahun 2022 Tanggal 15 Januari 2022 tentang Perubahan Atas
Pemerintahan,2.1.1,Jumlah Desa/Kelurahan Menurut Kecamatan 2021-2025,Leuwisari,,Jumlah Desa/Kelurahan,desa/kel,2022,7,7,ada,Peraturan Kepala Badan Pusat Statistik Nomor 29 Tahun 2022 Tanggal 15 Januari 2022 tentang Perubahan Atas
Pemerintahan,2.1.1,Jumlah Desa/Kelurahan Menurut Kecamatan 2021-2025,Leuwisari,,Jumlah Desa/Kelurahan,desa/kel,2023,7,7,ada,Peraturan Kepala Badan Pusat Statistik Nomor 29 Tahun 2022 Tanggal 15 Januari 2022 tentang Perubahan Atas
Pemerintahan,2.1.1,Jumlah Desa/Kelurahan Menurut Kecamatan 2021-2025,Leuwisari,,Jumlah Desa/Kelurahan,desa/kel,2024,7,7,ada,Peraturan Kepala Badan Pusat Statistik Nomor 29 Tahun 2022 Tanggal 15 Januari 2022 tentang Perubahan Atas
Pemerintahan,2.1.1,Jumlah Desa/Kelurahan Menurut Kecamatan 2021-2025,Leuwisari,,Jumlah Desa/Kelurahan,desa/kel,2025,7,7,ada,Peraturan Kepala Badan Pusat Statistik Nomor 29 Tahun 2022 Tanggal 15 Januari 2022 tentang Perubahan Atas
Pemerintahan,2.1.1,Jumlah Desa/Kelurahan Menurut Kecamatan 2021-2025,Sariwangi,,Jumlah Desa/Kelurahan,desa/kel,2021,8,8,ada,Peraturan Kepala Badan Pusat Statistik Nomor 29 Tahun 2022 Tanggal 15 Januari 2022 tentang Perubahan Atas
Pemerintahan,2.1.1,Jumlah Desa/Kelurahan Menurut Kecamatan 2021-2025,Sariwangi,,Jumlah Desa/Kelurahan,desa/kel,2022,8,8,ada,Peraturan Kepala Badan Pusat Statistik Nomor 29 Tahun 2022 Tanggal 15 Januari 2022 tentang Perubahan Atas
Pemerintahan,2.1.1,Jumlah Desa/Kelurahan Menurut Kecamatan 2021-2025,Sariwangi,,Jumlah Desa/Kelurahan,desa/kel,2023,8,8,ada,Peraturan Kepala Badan Pusat Statistik Nomor 29 Tahun 2022 Tanggal 15 Januari 2022 tentang Perubahan Atas
Pemerintahan,2.1.1,Jumlah Desa/Kelurahan Menurut Kecamatan 2021-2025,Sariwangi,,Jumlah Desa/Kelurahan,desa/kel,2024,8,8,ada,Peraturan Kepala Badan Pusat Statistik Nomor 29 Tahun 2022 Tanggal 15 Januari 2022 tentang Perubahan Atas
Pemerintahan,2.1.1,Jumlah Desa/Kelurahan Menurut Kecamatan 2021-2025,Sariwangi,,Jumlah Desa/Kelurahan,desa/kel,2025,8,8,ada,Peraturan Kepala Badan Pusat Statistik Nomor 29 Tahun 2022 Tanggal 15 Januari 2022 tentang Perubahan Atas
Pemerintahan,2.1.1,Jumlah Desa/Kelurahan Menurut Kecamatan 2021-2025,Padakembang,,Jumlah Desa/Kelurahan,desa/kel,2021,5,5,ada,Peraturan Kepala Badan Pusat Statistik Nomor 29 Tahun 2022 Tanggal 15 Januari 2022 tentang Perubahan Atas
Pemerintahan,2.1.1,Jumlah Desa/Kelurahan Menurut Kecamatan 2021-2025,Padakembang,,Jumlah Desa/Kelurahan,desa/kel,2022,5,5,ada,Peraturan Kepala Badan Pusat Statistik Nomor 29 Tahun 2022 Tanggal 15 Januari 2022 tentang Perubahan Atas
Pemerintahan,2.1.1,Jumlah Desa/Kelurahan Menurut Kecamatan 2021-2025,Padakembang,,Jumlah Desa/Kelurahan,desa/kel,2023,5,5,ada,Peraturan Kepala Badan Pusat Statistik Nomor 29 Tahun 2022 Tanggal 15 Januari 2022 tentang Perubahan Atas
Pemerintahan,2.1.1,Jumlah Desa/Kelurahan Menurut Kecamatan 2021-2025,Padakembang,,Jumlah Desa/Kelurahan,desa/kel,2024,5,5,ada,Peraturan Kepala Badan Pusat Statistik Nomor 29 Tahun 2022 Tanggal 15 Januari 2022 tentang Perubahan Atas
Pemerintahan,2.1.1,Jumlah Desa/Kelurahan Menurut Kecamatan 2021-2025,Padakembang,,Jumlah Desa/Kelurahan,desa/kel,2025,5,5,ada,Peraturan Kepala Badan Pusat Statistik Nomor 29 Tahun 2022 Tanggal 15 Januari 2022 tentang Perubahan Atas
Pemerintahan,2.1.1,Jumlah Desa/Kelurahan Menurut Kecamatan 2021-2025,Sukaratu,,Jumlah Desa/Kelurahan,desa/kel,2021,8,8,ada,Peraturan Kepala Badan Pusat Statistik Nomor 29 Tahun 2022 Tanggal 15 Januari 2022 tentang Perubahan Atas
Pemerintahan,2.1.1,Jumlah Desa/Kelurahan Menurut Kecamatan 2021-2025,Sukaratu,,Jumlah Desa/Kelurahan,desa/kel,2022,8,8,ada,Peraturan Kepala Badan Pusat Statistik Nomor 29 Tahun 2022 Tanggal 15 Januari 2022 tentang Perubahan Atas
Pemerintahan,2.1.1,Jumlah Desa/Kelurahan Menurut Kecamatan 2021-2025,Sukaratu,,Jumlah Desa/Kelurahan,desa/kel,2023,8,8,ada,Peraturan Kepala Badan Pusat Statistik Nomor 29 Tahun 2022 Tanggal 15 Januari 2022 tentang Perubahan Atas
Pemerintahan,2.1.1,Jumlah Desa/Kelurahan Menurut Kecamatan 2021-2025,Sukaratu,,Jumlah Desa/Kelurahan,desa/kel,2024,8,8,ada,Peraturan Kepala Badan Pusat Statistik Nomor 29 Tahun 2022 Tanggal 15 Januari 2022 tentang Perubahan Atas
Pemerintahan,2.1.1,Jumlah Desa/Kelurahan Menurut Kecamatan 2021-2025,Sukaratu,,Jumlah Desa/Kelurahan,desa/kel,2025,8,8,ada,Peraturan Kepala Badan Pusat Statistik Nomor 29 Tahun 2022 Tanggal 15 Januari 2022 tentang Perubahan Atas
Pemerintahan,2.1.1,Jumlah Desa/Kelurahan Menurut Kecamatan 2021-2025,Cisayong,,Jumlah Desa/Kelurahan,desa/kel,2021,13,13,ada,Peraturan Kepala Badan Pusat Statistik Nomor 29 Tahun 2022 Tanggal 15 Januari 2022 tentang Perubahan Atas
Pemerintahan,2.1.1,Jumlah Desa/Kelurahan Menurut Kecamatan 2021-2025,Cisayong,,Jumlah Desa/Kelurahan,desa/kel,2022,13,13,ada,Peraturan Kepala Badan Pusat Statistik Nomor 29 Tahun 2022 Tanggal 15 Januari 2022 tentang Perubahan Atas
Pemerintahan,2.1.1,Jumlah Desa/Kelurahan Menurut Kecamatan 2021-2025,Cisayong,,Jumlah Desa/Kelurahan,desa/kel,2023,13,13,ada,Peraturan Kepala Badan Pusat Statistik Nomor 29 Tahun 2022 Tanggal 15 Januari 2022 tentang Perubahan Atas
Pemerintahan,2.1.1,Jumlah Desa/Kelurahan Menurut Kecamatan 2021-2025,Cisayong,,Jumlah Desa/Kelurahan,desa/kel,2024,13,13,ada,Peraturan Kepala Badan Pusat Statistik Nomor 29 Tahun 2022 Tanggal 15 Januari 2022 tentang Perubahan Atas
Pemerintahan,2.1.1,Jumlah Desa/Kelurahan Menurut Kecamatan 2021-2025,Cisayong,,Jumlah Desa/Kelurahan,desa/kel,2025,13,13,ada,Peraturan Kepala Badan Pusat Statistik Nomor 29 Tahun 2022 Tanggal 15 Januari 2022 tentang Perubahan Atas
Pemerintahan,2.1.1,Jumlah Desa/Kelurahan Menurut Kecamatan 2021-2025,Sukahening,,Jumlah Desa/Kelurahan,desa/kel,2021,7,7,ada,Peraturan Kepala Badan Pusat Statistik Nomor 29 Tahun 2022 Tanggal 15 Januari 2022 tentang Perubahan Atas
Pemerintahan,2.1.1,Jumlah Desa/Kelurahan Menurut Kecamatan 2021-2025,Sukahening,,Jumlah Desa/Kelurahan,desa/kel,2022,7,7,ada,Peraturan Kepala Badan Pusat Statistik Nomor 29 Tahun 2022 Tanggal 15 Januari 2022 tentang Perubahan Atas
Pemerintahan,2.1.1,Jumlah Desa/Kelurahan Menurut Kecamatan 2021-2025,Sukahening,,Jumlah Desa/Kelurahan,desa/kel,2023,7,7,ada,Peraturan Kepala Badan Pusat Statistik Nomor 29 Tahun 2022 Tanggal 15 Januari 2022 tentang Perubahan Atas
Pemerintahan,2.1.1,Jumlah Desa/Kelurahan Menurut Kecamatan 2021-2025,Sukahening,,Jumlah Desa/Kelurahan,desa/kel,2024,7,7,ada,Peraturan Kepala Badan Pusat Statistik Nomor 29 Tahun 2022 Tanggal 15 Januari 2022 tentang Perubahan Atas
Pemerintahan,2.1.1,Jumlah Desa/Kelurahan Menurut Kecamatan 2021-2025,Sukahening,,Jumlah Desa/Kelurahan,desa/kel,2025,7,7,ada,Peraturan Kepala Badan Pusat Statistik Nomor 29 Tahun 2022 Tanggal 15 Januari 2022 tentang Perubahan Atas
Pemerintahan,2.1.1,Jumlah Desa/Kelurahan Menurut Kecamatan 2021-2025,Rajapolah,,Jumlah Desa/Kelurahan,desa/kel,2021,8,8,ada,Peraturan Kepala Badan Pusat Statistik Nomor 29 Tahun 2022 Tanggal 15 Januari 2022 tentang Perubahan Atas
Pemerintahan,2.1.1,Jumlah Desa/Kelurahan Menurut Kecamatan 2021-2025,Rajapolah,,Jumlah Desa/Kelurahan,desa/kel,2022,8,8,ada,Peraturan Kepala Badan Pusat Statistik Nomor 29 Tahun 2022 Tanggal 15 Januari 2022 tentang Perubahan Atas
Pemerintahan,2.1.1,Jumlah Desa/Kelurahan Menurut Kecamatan 2021-2025,Rajapolah,,Jumlah Desa/Kelurahan,desa/kel,2023,8,8,ada,Peraturan Kepala Badan Pusat Statistik Nomor 29 Tahun 2022 Tanggal 15 Januari 2022 tentang Perubahan Atas
Pemerintahan,2.1.1,Jumlah Desa/Kelurahan Menurut Kecamatan 2021-2025,Rajapolah,,Jumlah Desa/Kelurahan,desa/kel,2024,8,8,ada,Peraturan Kepala Badan Pusat Statistik Nomor 29 Tahun 2022 Tanggal 15 Januari 2022 tentang Perubahan Atas
Pemerintahan,2.1.1,Jumlah Desa/Kelurahan Menurut Kecamatan 2021-2025,Rajapolah,,Jumlah Desa/Kelurahan,desa/kel,2025,8,8,ada,Peraturan Kepala Badan Pusat Statistik Nomor 29 Tahun 2022 Tanggal 15 Januari 2022 tentang Perubahan Atas
Pemerintahan,2.1.1,Jumlah Desa/Kelurahan Menurut Kecamatan 2021-2025,Jamanis,,Jumlah Desa/Kelurahan,desa/kel,2021,8,8,ada,Peraturan Kepala Badan Pusat Statistik Nomor 29 Tahun 2022 Tanggal 15 Januari 2022 tentang Perubahan Atas
Pemerintahan,2.1.1,Jumlah Desa/Kelurahan Menurut Kecamatan 2021-2025,Jamanis,,Jumlah Desa/Kelurahan,desa/kel,2022,8,8,ada,Peraturan Kepala Badan Pusat Statistik Nomor 29 Tahun 2022 Tanggal 15 Januari 2022 tentang Perubahan Atas
Pemerintahan,2.1.1,Jumlah Desa/Kelurahan Menurut Kecamatan 2021-2025,Jamanis,,Jumlah Desa/Kelurahan,desa/kel,2023,8,8,ada,Peraturan Kepala Badan Pusat Statistik Nomor 29 Tahun 2022 Tanggal 15 Januari 2022 tentang Perubahan Atas
Pemerintahan,2.1.1,Jumlah Desa/Kelurahan Menurut Kecamatan 2021-2025,Jamanis,,Jumlah Desa/Kelurahan,desa/kel,2024,8,8,ada,Peraturan Kepala Badan Pusat Statistik Nomor 29 Tahun 2022 Tanggal 15 Januari 2022 tentang Perubahan Atas
Pemerintahan,2.1.1,Jumlah Desa/Kelurahan Menurut Kecamatan 2021-2025,Jamanis,,Jumlah Desa/Kelurahan,desa/kel,2025,8,8,ada,Peraturan Kepala Badan Pusat Statistik Nomor 29 Tahun 2022 Tanggal 15 Januari 2022 tentang Perubahan Atas
Pemerintahan,2.1.1,Jumlah Desa/Kelurahan Menurut Kecamatan 2021-2025,Ciawi,,Jumlah Desa/Kelurahan,desa/kel,2021,11,11,ada,Peraturan Kepala Badan Pusat Statistik Nomor 29 Tahun 2022 Tanggal 15 Januari 2022 tentang Perubahan Atas
Pemerintahan,2.1.1,Jumlah Desa/Kelurahan Menurut Kecamatan 2021-2025,Ciawi,,Jumlah Desa/Kelurahan,desa/kel,2022,11,11,ada,Peraturan Kepala Badan Pusat Statistik Nomor 29 Tahun 2022 Tanggal 15 Januari 2022 tentang Perubahan Atas
Pemerintahan,2.1.1,Jumlah Desa/Kelurahan Menurut Kecamatan 2021-2025,Ciawi,,Jumlah Desa/Kelurahan,desa/kel,2023,11,11,ada,Peraturan Kepala Badan Pusat Statistik Nomor 29 Tahun 2022 Tanggal 15 Januari 2022 tentang Perubahan Atas
Pemerintahan,2.1.1,Jumlah Desa/Kelurahan Menurut Kecamatan 2021-2025,Ciawi,,Jumlah Desa/Kelurahan,desa/kel,2024,11,11,ada,Peraturan Kepala Badan Pusat Statistik Nomor 29 Tahun 2022 Tanggal 15 Januari 2022 tentang Perubahan Atas
Pemerintahan,2.1.1,Jumlah Desa/Kelurahan Menurut Kecamatan 2021-2025,Ciawi,,Jumlah Desa/Kelurahan,desa/kel,2025,11,11,ada,Peraturan Kepala Badan Pusat Statistik Nomor 29 Tahun 2022 Tanggal 15 Januari 2022 tentang Perubahan Atas
Pemerintahan,2.1.1,Jumlah Desa/Kelurahan Menurut Kecamatan 2021-2025,Kadipaten,,Jumlah Desa/Kelurahan,desa/kel,2021,6,6,ada,Peraturan Kepala Badan Pusat Statistik Nomor 29 Tahun 2022 Tanggal 15 Januari 2022 tentang Perubahan Atas
Pemerintahan,2.1.1,Jumlah Desa/Kelurahan Menurut Kecamatan 2021-2025,Kadipaten,,Jumlah Desa/Kelurahan,desa/kel,2022,6,6,ada,Peraturan Kepala Badan Pusat Statistik Nomor 29 Tahun 2022 Tanggal 15 Januari 2022 tentang Perubahan Atas
Pemerintahan,2.1.1,Jumlah Desa/Kelurahan Menurut Kecamatan 2021-2025,Kadipaten,,Jumlah Desa/Kelurahan,desa/kel,2023,6,6,ada,Peraturan Kepala Badan Pusat Statistik Nomor 29 Tahun 2022 Tanggal 15 Januari 2022 tentang Perubahan Atas
Pemerintahan,2.1.1,Jumlah Desa/Kelurahan Menurut Kecamatan 2021-2025,Kadipaten,,Jumlah Desa/Kelurahan,desa/kel,2024,6,6,ada,Peraturan Kepala Badan Pusat Statistik Nomor 29 Tahun 2022 Tanggal 15 Januari 2022 tentang Perubahan Atas
Pemerintahan,2.1.1,Jumlah Desa/Kelurahan Menurut Kecamatan 2021-2025,Kadipaten,,Jumlah Desa/Kelurahan,desa/kel,2025,6,6,ada,Peraturan Kepala Badan Pusat Statistik Nomor 29 Tahun 2022 Tanggal 15 Januari 2022 tentang Perubahan Atas
Pemerintahan,2.1.1,Jumlah Desa/Kelurahan Menurut Kecamatan 2021-2025,Pagerageung,,Jumlah Desa/Kelurahan,desa/kel,2021,10,10,ada,Peraturan Kepala Badan Pusat Statistik Nomor 29 Tahun 2022 Tanggal 15 Januari 2022 tentang Perubahan Atas
Pemerintahan,2.1.1,Jumlah Desa/Kelurahan Menurut Kecamatan 2021-2025,Pagerageung,,Jumlah Desa/Kelurahan,desa/kel,2022,10,10,ada,Peraturan Kepala Badan Pusat Statistik Nomor 29 Tahun 2022 Tanggal 15 Januari 2022 tentang Perubahan Atas
Pemerintahan,2.1.1,Jumlah Desa/Kelurahan Menurut Kecamatan 2021-2025,Pagerageung,,Jumlah Desa/Kelurahan,desa/kel,2023,10,10,ada,Peraturan Kepala Badan Pusat Statistik Nomor 29 Tahun 2022 Tanggal 15 Januari 2022 tentang Perubahan Atas
Pemerintahan,2.1.1,Jumlah Desa/Kelurahan Menurut Kecamatan 2021-2025,Pagerageung,,Jumlah Desa/Kelurahan,desa/kel,2024,10,10,ada,Peraturan Kepala Badan Pusat Statistik Nomor 29 Tahun 2022 Tanggal 15 Januari 2022 tentang Perubahan Atas
Pemerintahan,2.1.1,Jumlah Desa/Kelurahan Menurut Kecamatan 2021-2025,Pagerageung,,Jumlah Desa/Kelurahan,desa/kel,2025,10,10,ada,Peraturan Kepala Badan Pusat Statistik Nomor 29 Tahun 2022 Tanggal 15 Januari 2022 tentang Perubahan Atas
Pemerintahan,2.1.1,Jumlah Desa/Kelurahan Menurut Kecamatan 2021-2025,Sukaresik,,Jumlah Desa/Kelurahan,desa/kel,2021,8,8,ada,Peraturan Kepala Badan Pusat Statistik Nomor 29 Tahun 2022 Tanggal 15 Januari 2022 tentang Perubahan Atas
Pemerintahan,2.1.1,Jumlah Desa/Kelurahan Menurut Kecamatan 2021-2025,Sukaresik,,Jumlah Desa/Kelurahan,desa/kel,2022,8,8,ada,Peraturan Kepala Badan Pusat Statistik Nomor 29 Tahun 2022 Tanggal 15 Januari 2022 tentang Perubahan Atas
Pemerintahan,2.1.1,Jumlah Desa/Kelurahan Menurut Kecamatan 2021-2025,Sukaresik,,Jumlah Desa/Kelurahan,desa/kel,2023,8,8,ada,Peraturan Kepala Badan Pusat Statistik Nomor 29 Tahun 2022 Tanggal 15 Januari 2022 tentang Perubahan Atas
Pemerintahan,2.1.1,Jumlah Desa/Kelurahan Menurut Kecamatan 2021-2025,Sukaresik,,Jumlah Desa/Kelurahan,desa/kel,2024,8,8,ada,Peraturan Kepala Badan Pusat Statistik Nomor 29 Tahun 2022 Tanggal 15 Januari 2022 tentang Perubahan Atas
Pemerintahan,2.1.1,Jumlah Desa/Kelurahan Menurut Kecamatan 2021-2025,Sukaresik,,Jumlah Desa/Kelurahan,desa/kel,2025,8,8,ada,Peraturan Kepala Badan Pusat Statistik Nomor 29 Tahun 2022 Tanggal 15 Januari 2022 tentang Perubahan Atas
Pemerintahan,2.2.1,"Jumlah Anggota DPRD Menurut Partai Politik dan Jenis Kelamin, 2025",Kabupaten Tasikmalaya,Partai Golkar,Anggota DPRD - Laki-laki,orang,2025,7,7,ada,Sekretariat DPRD Kab Tasikmalaya
Pemerintahan,2.2.1,"Jumlah Anggota DPRD Menurut Partai Politik dan Jenis Kelamin, 2025",Kabupaten Tasikmalaya,Partai Golkar,Anggota DPRD - Perempuan,orang,2025,,-,nihil,Sekretariat DPRD Kab Tasikmalaya
Pemerintahan,2.2.1,"Jumlah Anggota DPRD Menurut Partai Politik dan Jenis Kelamin, 2025",Kabupaten Tasikmalaya,Partai Golkar,Anggota DPRD - Jumlah,orang,2025,7,7,ada,Sekretariat DPRD Kab Tasikmalaya
Pemerintahan,2.2.1,"Jumlah Anggota DPRD Menurut Partai Politik dan Jenis Kelamin, 2025",Kabupaten Tasikmalaya,Partai Demokrasi Indonesia Perjuangan,Anggota DPRD - Laki-laki,orang,2025,6,6,ada,Sekretariat DPRD Kab Tasikmalaya
Pemerintahan,2.2.1,"Jumlah Anggota DPRD Menurut Partai Politik dan Jenis Kelamin, 2025",Kabupaten Tasikmalaya,Partai Demokrasi Indonesia Perjuangan,Anggota DPRD - Perempuan,orang,2025,3,3,ada,Sekretariat DPRD Kab Tasikmalaya
Pemerintahan,2.2.1,"Jumlah Anggota DPRD Menurut Partai Politik dan Jenis Kelamin, 2025",Kabupaten Tasikmalaya,Partai Demokrasi Indonesia Perjuangan,Anggota DPRD - Jumlah,orang,2025,9,9,ada,Sekretariat DPRD Kab Tasikmalaya
Pemerintahan,2.2.1,"Jumlah Anggota DPRD Menurut Partai Politik dan Jenis Kelamin, 2025",Kabupaten Tasikmalaya,Partai Keadilan Sejahtera,Anggota DPRD - Laki-laki,orang,2025,3,3,ada,Sekretariat DPRD Kab Tasikmalaya
Pemerintahan,2.2.1,"Jumlah Anggota DPRD Menurut Partai Politik dan Jenis Kelamin, 2025",Kabupaten Tasikmalaya,Partai Keadilan Sejahtera,Anggota DPRD - Perempuan,orang,2025,,-,nihil,Sekretariat DPRD Kab Tasikmalaya
Pemerintahan,2.2.1,"Jumlah Anggota DPRD Menurut Partai Politik dan Jenis Kelamin, 2025",Kabupaten Tasikmalaya,Partai Keadilan Sejahtera,Anggota DPRD - Jumlah,orang,2025,3,3,ada,Sekretariat DPRD Kab Tasikmalaya
Pemerintahan,2.2.1,"Jumlah Anggota DPRD Menurut Partai Politik dan Jenis Kelamin, 2025",Kabupaten Tasikmalaya,Partai Persatuan Pembangunan,Anggota DPRD - Laki-laki,orang,2025,5,5,ada,Sekretariat DPRD Kab Tasikmalaya
Pemerintahan,2.2.1,"Jumlah Anggota DPRD Menurut Partai Politik dan Jenis Kelamin, 2025",Kabupaten Tasikmalaya,Partai Persatuan Pembangunan,Anggota DPRD - Perempuan,orang,2025,1,1,ada,Sekretariat DPRD Kab Tasikmalaya
Pemerintahan,2.2.1,"Jumlah Anggota DPRD Menurut Partai Politik dan Jenis Kelamin, 2025",Kabupaten Tasikmalaya,Partai Persatuan Pembangunan,Anggota DPRD - Jumlah,orang,2025,6,6,ada,Sekretariat DPRD Kab Tasikmalaya
Pemerintahan,2.2.1,"Jumlah Anggota DPRD Menurut Partai Politik dan Jenis Kelamin, 2025",Kabupaten Tasikmalaya,Partai Demokrat,Anggota DPRD - Laki-laki,orang,2025,3,3,ada,Sekretariat DPRD Kab Tasikmalaya
Pemerintahan,2.2.1,"Jumlah Anggota DPRD Menurut Partai Politik dan Jenis Kelamin, 2025",Kabupaten Tasikmalaya,Partai Demokrat,Anggota DPRD - Perempuan,orang,2025,,-,nihil,Sekretariat DPRD Kab Tasikmalaya
Pemerintahan,2.2.1,"Jumlah Anggota DPRD Menurut Partai Politik dan Jenis Kelamin, 2025",Kabupaten Tasikmalaya,Partai Demokrat,Anggota DPRD - Jumlah,orang,2025,3,3,ada,Sekretariat DPRD Kab Tasikmalaya
Pemerintahan,2.2.1,"Jumlah Anggota DPRD Menurut Partai Politik dan Jenis Kelamin, 2025",Kabupaten Tasikmalaya,Partai Amanat Nasional,Anggota DPRD - Laki-laki,orang,2025,4,4,ada,Sekretariat DPRD Kab Tasikmalaya
Pemerintahan,2.2.1,"Jumlah Anggota DPRD Menurut Partai Politik dan Jenis Kelamin, 2025",Kabupaten Tasikmalaya,Partai Amanat Nasional,Anggota DPRD - Perempuan,orang,2025,,-,nihil,Sekretariat DPRD Kab Tasikmalaya
Pemerintahan,2.2.1,"Jumlah Anggota DPRD Menurut Partai Politik dan Jenis Kelamin, 2025",Kabupaten Tasikmalaya,Partai Amanat Nasional,Anggota DPRD - Jumlah,orang,2025,4,4,ada,Sekretariat DPRD Kab Tasikmalaya
Pemerintahan,2.2.1,"Jumlah Anggota DPRD Menurut Partai Politik dan Jenis Kelamin, 2025",Kabupaten Tasikmalaya,Partai Kebangkitan Bangsa,Anggota DPRD - Laki-laki,orang,2025,7,7,ada,Sekretariat DPRD Kab Tasikmalaya
Pemerintahan,2.2.1,"Jumlah Anggota DPRD Menurut Partai Politik dan Jenis Kelamin, 2025",Kabupaten Tasikmalaya,Partai Kebangkitan Bangsa,Anggota DPRD - Perempuan,orang,2025,1,1,ada,Sekretariat DPRD Kab Tasikmalaya
Pemerintahan,2.2.1,"Jumlah Anggota DPRD Menurut Partai Politik dan Jenis Kelamin, 2025",Kabupaten Tasikmalaya,Partai Kebangkitan Bangsa,Anggota DPRD - Jumlah,orang,2025,8,8,ada,Sekretariat DPRD Kab Tasikmalaya
Pemerintahan,2.2.1,"Jumlah Anggota DPRD Menurut Partai Politik dan Jenis Kelamin, 2025",Kabupaten Tasikmalaya,Partai Gerindra,Anggota DPRD - Laki-laki,orang,2025,8,8,ada,Sekretariat DPRD Kab Tasikmalaya
Pemerintahan,2.2.1,"Jumlah Anggota DPRD Menurut Partai Politik dan Jenis Kelamin, 2025",Kabupaten Tasikmalaya,Partai Gerindra,Anggota DPRD - Perempuan,orang,2025,1,1,ada,Sekretariat DPRD Kab Tasikmalaya
Pemerintahan,2.2.1,"Jumlah Anggota DPRD Menurut Partai Politik dan Jenis Kelamin, 2025",Kabupaten Tasikmalaya,Partai Gerindra,Anggota DPRD - Jumlah,orang,2025,9,9,ada,Sekretariat DPRD Kab Tasikmalaya
Pemerintahan,2.2.1,"Jumlah Anggota DPRD Menurut Partai Politik dan Jenis Kelamin, 2025",Kabupaten Tasikmalaya,Partai Nasdem,Anggota DPRD - Laki-laki,orang,2025,1,1,ada,Sekretariat DPRD Kab Tasikmalaya
Pemerintahan,2.2.1,"Jumlah Anggota DPRD Menurut Partai Politik dan Jenis Kelamin, 2025",Kabupaten Tasikmalaya,Partai Nasdem,Anggota DPRD - Perempuan,orang,2025,,-,nihil,Sekretariat DPRD Kab Tasikmalaya
Pemerintahan,2.2.1,"Jumlah Anggota DPRD Menurut Partai Politik dan Jenis Kelamin, 2025",Kabupaten Tasikmalaya,Partai Nasdem,Anggota DPRD - Jumlah,orang,2025,1,1,ada,Sekretariat DPRD Kab Tasikmalaya
Pemerintahan,2.2.1,"Jumlah Anggota DPRD Menurut Partai Politik dan Jenis Kelamin, 2025",Kabupaten Tasikmalaya,Kabupaten Tasikmalaya,Anggota DPRD - Laki-laki,orang,2025,44,44,ada,Sekretariat DPRD Kab Tasikmalaya
Pemerintahan,2.2.1,"Jumlah Anggota DPRD Menurut Partai Politik dan Jenis Kelamin, 2025",Kabupaten Tasikmalaya,Kabupaten Tasikmalaya,Anggota DPRD - Perempuan,orang,2025,6,6,ada,Sekretariat DPRD Kab Tasikmalaya
Pemerintahan,2.2.1,"Jumlah Anggota DPRD Menurut Partai Politik dan Jenis Kelamin, 2025",Kabupaten Tasikmalaya,Kabupaten Tasikmalaya,Anggota DPRD - Jumlah,orang,2025,50,50,ada,Sekretariat DPRD Kab Tasikmalaya
Pemerintahan,2.3.1,"Jumlah PNS Menurut Jabatan dan Jenis Kelamin, 2025",Kabupaten Tasikmalaya,Jabatan Pimpinan Tinggi Utama,Jumlah PNS - Laki-laki,orang,2025,,-,nihil,BKPSDM
Pemerintahan,2.3.1,"Jumlah PNS Menurut Jabatan dan Jenis Kelamin, 2025",Kabupaten Tasikmalaya,Jabatan Pimpinan Tinggi Utama,Jumlah PNS - Perempuan,orang,2025,,-,nihil,BKPSDM
Pemerintahan,2.3.1,"Jumlah PNS Menurut Jabatan dan Jenis Kelamin, 2025",Kabupaten Tasikmalaya,Jabatan Pimpinan Tinggi Utama,Jumlah PNS - Jumlah,orang,2025,,-,nihil,BKPSDM
Pemerintahan,2.3.1,"Jumlah PNS Menurut Jabatan dan Jenis Kelamin, 2025",Kabupaten Tasikmalaya,Jabatan Pimpinan Tinggi Madya,Jumlah PNS - Laki-laki,orang,2025,,-,nihil,BKPSDM
Pemerintahan,2.3.1,"Jumlah PNS Menurut Jabatan dan Jenis Kelamin, 2025",Kabupaten Tasikmalaya,Jabatan Pimpinan Tinggi Madya,Jumlah PNS - Perempuan,orang,2025,,-,nihil,BKPSDM
Pemerintahan,2.3.1,"Jumlah PNS Menurut Jabatan dan Jenis Kelamin, 2025",Kabupaten Tasikmalaya,Jabatan Pimpinan Tinggi Madya,Jumlah PNS - Jumlah,orang,2025,,-,nihil,BKPSDM
Pemerintahan,2.3.1,"Jumlah PNS Menurut Jabatan dan Jenis Kelamin, 2025",Kabupaten Tasikmalaya,Jabatan Pimpinan Tinggi Pratama,Jumlah PNS - Laki-laki,orang,2025,22,22,ada,BKPSDM
Pemerintahan,2.3.1,"Jumlah PNS Menurut Jabatan dan Jenis Kelamin, 2025",Kabupaten Tasikmalaya,Jabatan Pimpinan Tinggi Pratama,Jumlah PNS - Perempuan,orang,2025,1,1,ada,BKPSDM
Pemerintahan,2.3.1,"Jumlah PNS Menurut Jabatan dan Jenis Kelamin, 2025",Kabupaten Tasikmalaya,Jabatan Pimpinan Tinggi Pratama,Jumlah PNS - Jumlah,orang,2025,23,23,ada,BKPSDM
Pemerintahan,2.3.1,"Jumlah PNS Menurut Jabatan dan Jenis Kelamin, 2025",Kabupaten Tasikmalaya,Administrator/Administrator,Jumlah PNS - Laki-laki,orang,2025,157,157,ada,BKPSDM
Pemerintahan,2.3.1,"Jumlah PNS Menurut Jabatan dan Jenis Kelamin, 2025",Kabupaten Tasikmalaya,Administrator/Administrator,Jumlah PNS - Perempuan,orang,2025,32,32,ada,BKPSDM
Pemerintahan,2.3.1,"Jumlah PNS Menurut Jabatan dan Jenis Kelamin, 2025",Kabupaten Tasikmalaya,Administrator/Administrator,Jumlah PNS - Jumlah,orang,2025,189,189,ada,BKPSDM
Pemerintahan,2.3.1,"Jumlah PNS Menurut Jabatan dan Jenis Kelamin, 2025",Kabupaten Tasikmalaya,Pengawas/Supervisor,Jumlah PNS - Laki-laki,orang,2025,300,300,ada,BKPSDM
Pemerintahan,2.3.1,"Jumlah PNS Menurut Jabatan dan Jenis Kelamin, 2025",Kabupaten Tasikmalaya,Pengawas/Supervisor,Jumlah PNS - Perempuan,orang,2025,132,132,ada,BKPSDM
Pemerintahan,2.3.1,"Jumlah PNS Menurut Jabatan dan Jenis Kelamin, 2025",Kabupaten Tasikmalaya,Pengawas/Supervisor,Jumlah PNS - Jumlah,orang,2025,432,432,ada,BKPSDM
Pemerintahan,2.3.1,"Jumlah PNS Menurut Jabatan dan Jenis Kelamin, 2025",Kabupaten Tasikmalaya,Eselon V/ 5th Echelon,Jumlah PNS - Laki-laki,orang,2025,,-,nihil,BKPSDM
Pemerintahan,2.3.1,"Jumlah PNS Menurut Jabatan dan Jenis Kelamin, 2025",Kabupaten Tasikmalaya,Eselon V/ 5th Echelon,Jumlah PNS - Perempuan,orang,2025,,-,nihil,BKPSDM
Pemerintahan,2.3.1,"Jumlah PNS Menurut Jabatan dan Jenis Kelamin, 2025",Kabupaten Tasikmalaya,Eselon V/ 5th Echelon,Jumlah PNS - Jumlah,orang,2025,,-,nihil,BKPSDM
Pemerintahan,2.3.1,"Jumlah PNS Menurut Jabatan dan Jenis Kelamin, 2025",Kabupaten Tasikmalaya,Jabatan Fungsional Dosen,Jumlah PNS - Laki-laki,orang,2025,,-,nihil,BKPSDM
Pemerintahan,2.3.1,"Jumlah PNS Menurut Jabatan dan Jenis Kelamin, 2025",Kabupaten Tasikmalaya,Jabatan Fungsional Dosen,Jumlah PNS - Perempuan,orang,2025,,-,nihil,BKPSDM
Pemerintahan,2.3.1,"Jumlah PNS Menurut Jabatan dan Jenis Kelamin, 2025",Kabupaten Tasikmalaya,Jabatan Fungsional Dosen,Jumlah PNS - Jumlah,orang,2025,,-,nihil,BKPSDM
Pemerintahan,2.3.1,"Jumlah PNS Menurut Jabatan dan Jenis Kelamin, 2025",Kabupaten Tasikmalaya,Jabatan Fungsional Guru,Jumlah PNS - Laki-laki,orang,2025,1461,1.461,ada,BKPSDM
Pemerintahan,2.3.1,"Jumlah PNS Menurut Jabatan dan Jenis Kelamin, 2025",Kabupaten Tasikmalaya,Jabatan Fungsional Guru,Jumlah PNS - Perempuan,orang,2025,2841,2.841,ada,BKPSDM
Pemerintahan,2.3.1,"Jumlah PNS Menurut Jabatan dan Jenis Kelamin, 2025",Kabupaten Tasikmalaya,Jabatan Fungsional Guru,Jumlah PNS - Jumlah,orang,2025,4302,4.302,ada,BKPSDM
Pemerintahan,2.3.1,"Jumlah PNS Menurut Jabatan dan Jenis Kelamin, 2025",Kabupaten Tasikmalaya,Certain Functional Position for Medical,Jumlah PNS - Laki-laki,orang,2025,353,353,ada,BKPSDM
Pemerintahan,2.3.1,"Jumlah PNS Menurut Jabatan dan Jenis Kelamin, 2025",Kabupaten Tasikmalaya,Certain Functional Position for Medical,Jumlah PNS - Perempuan,orang,2025,955,955,ada,BKPSDM
Pemerintahan,2.3.1,"Jumlah PNS Menurut Jabatan dan Jenis Kelamin, 2025",Kabupaten Tasikmalaya,Certain Functional Position for Medical,Jumlah PNS - Jumlah,orang,2025,1308,1.308,ada,BKPSDM
Pemerintahan,2.3.1,"Jumlah PNS Menurut Jabatan dan Jenis Kelamin, 2025",Kabupaten Tasikmalaya,Certain Functional Position for Technical,Jumlah PNS - Laki-laki,orang,2025,257,257,ada,BKPSDM
Pemerintahan,2.3.1,"Jumlah PNS Menurut Jabatan dan Jenis Kelamin, 2025",Kabupaten Tasikmalaya,Certain Functional Position for Technical,Jumlah PNS - Perempuan,orang,2025,176,176,ada,BKPSDM
Pemerintahan,2.3.1,"Jumlah PNS Menurut Jabatan dan Jenis Kelamin, 2025",Kabupaten Tasikmalaya,Certain Functional Position for Technical,Jumlah PNS - Jumlah,orang,2025,433,433,ada,BKPSDM
Pemerintahan,2.3.1,"Jumlah PNS Menurut Jabatan dan Jenis Kelamin, 2025",Kabupaten Tasikmalaya,Jabatan Fungsional Umum/Pelaksana,Jumlah PNS - Laki-laki,orang,2025,489,489,ada,BKPSDM
Pemerintahan,2.3.1,"Jumlah PNS Menurut Jabatan dan Jenis Kelamin, 2025",Kabupaten Tasikmalaya,Jabatan Fungsional Umum/Pelaksana,Jumlah PNS - Perempuan,orang,2025,274,274,ada,BKPSDM
Pemerintahan,2.3.1,"Jumlah PNS Menurut Jabatan dan Jenis Kelamin, 2025",Kabupaten Tasikmalaya,Jabatan Fungsional Umum/Pelaksana,Jumlah PNS - Jumlah,orang,2025,763,763,ada,BKPSDM
Pemerintahan,2.3.1,"Jumlah PNS Menurut Jabatan dan Jenis Kelamin, 2025",Kabupaten Tasikmalaya,Kabupaten Tasikmalaya,Jumlah PNS - Laki-laki,orang,2025,3039,3.039,ada,BKPSDM
Pemerintahan,2.3.1,"Jumlah PNS Menurut Jabatan dan Jenis Kelamin, 2025",Kabupaten Tasikmalaya,Kabupaten Tasikmalaya,Jumlah PNS - Perempuan,orang,2025,4411,4.411,ada,BKPSDM
Pemerintahan,2.3.1,"Jumlah PNS Menurut Jabatan dan Jenis Kelamin, 2025",Kabupaten Tasikmalaya,Kabupaten Tasikmalaya,Jumlah PNS - Jumlah,orang,2025,7450,7.450,ada,BKPSDM
Pemerintahan,2.3.2,"Jumlah PNS Menurut Tingkat Pendidikan dan Jenis Kelamin, 2025",Kabupaten Tasikmalaya,Sampai dengan SD,Jumlah PNS - Laki-laki,orang,2025,7,7,ada,BKPSDM
Pemerintahan,2.3.2,"Jumlah PNS Menurut Tingkat Pendidikan dan Jenis Kelamin, 2025",Kabupaten Tasikmalaya,Sampai dengan SD,Jumlah PNS - Perempuan,orang,2025,2,2,ada,BKPSDM
Pemerintahan,2.3.2,"Jumlah PNS Menurut Tingkat Pendidikan dan Jenis Kelamin, 2025",Kabupaten Tasikmalaya,Sampai dengan SD,Jumlah PNS - Jumlah,orang,2025,9,9,ada,BKPSDM
Pemerintahan,2.3.2,"Jumlah PNS Menurut Tingkat Pendidikan dan Jenis Kelamin, 2025",Kabupaten Tasikmalaya,SMP/Sederajat,Jumlah PNS - Laki-laki,orang,2025,18,18,ada,BKPSDM
Pemerintahan,2.3.2,"Jumlah PNS Menurut Tingkat Pendidikan dan Jenis Kelamin, 2025",Kabupaten Tasikmalaya,SMP/Sederajat,Jumlah PNS - Perempuan,orang,2025,6,6,ada,BKPSDM
Pemerintahan,2.3.2,"Jumlah PNS Menurut Tingkat Pendidikan dan Jenis Kelamin, 2025",Kabupaten Tasikmalaya,SMP/Sederajat,Jumlah PNS - Jumlah,orang,2025,24,24,ada,BKPSDM
Pemerintahan,2.3.2,"Jumlah PNS Menurut Tingkat Pendidikan dan Jenis Kelamin, 2025",Kabupaten Tasikmalaya,SMA/Sederajat,Jumlah PNS - Laki-laki,orang,2025,187,187,ada,BKPSDM
Pemerintahan,2.3.2,"Jumlah PNS Menurut Tingkat Pendidikan dan Jenis Kelamin, 2025",Kabupaten Tasikmalaya,SMA/Sederajat,Jumlah PNS - Perempuan,orang,2025,50,50,ada,BKPSDM
Pemerintahan,2.3.2,"Jumlah PNS Menurut Tingkat Pendidikan dan Jenis Kelamin, 2025",Kabupaten Tasikmalaya,SMA/Sederajat,Jumlah PNS - Jumlah,orang,2025,237,237,ada,BKPSDM
Pemerintahan,2.3.2,"Jumlah PNS Menurut Tingkat Pendidikan dan Jenis Kelamin, 2025",Kabupaten Tasikmalaya,Diploma I/Akta I,Jumlah PNS - Laki-laki,orang,2025,,-,nihil,BKPSDM
Pemerintahan,2.3.2,"Jumlah PNS Menurut Tingkat Pendidikan dan Jenis Kelamin, 2025",Kabupaten Tasikmalaya,Diploma I/Akta I,Jumlah PNS - Perempuan,orang,2025,1,1,ada,BKPSDM
Pemerintahan,2.3.2,"Jumlah PNS Menurut Tingkat Pendidikan dan Jenis Kelamin, 2025",Kabupaten Tasikmalaya,Diploma I/Akta I,Jumlah PNS - Jumlah,orang,2025,1,1,ada,BKPSDM
Pemerintahan,2.3.2,"Jumlah PNS Menurut Tingkat Pendidikan dan Jenis Kelamin, 2025",Kabupaten Tasikmalaya,"Diploma I, II/Akta I, II",Jumlah PNS - Laki-laki,orang,2025,10,10,ada,BKPSDM
Pemerintahan,2.3.2,"Jumlah PNS Menurut Tingkat Pendidikan dan Jenis Kelamin, 2025",Kabupaten Tasikmalaya,"Diploma I, II/Akta I, II",Jumlah PNS - Perempuan,orang,2025,7,7,ada,BKPSDM
Pemerintahan,2.3.2,"Jumlah PNS Menurut Tingkat Pendidikan dan Jenis Kelamin, 2025",Kabupaten Tasikmalaya,"Diploma I, II/Akta I, II",Jumlah PNS - Jumlah,orang,2025,17,17,ada,BKPSDM
Pemerintahan,2.3.2,"Jumlah PNS Menurut Tingkat Pendidikan dan Jenis Kelamin, 2025",Kabupaten Tasikmalaya,Diploma III/Akta III/Sarjana Muda,Jumlah PNS - Laki-laki,orang,2025,160,160,ada,BKPSDM
Pemerintahan,2.3.2,"Jumlah PNS Menurut Tingkat Pendidikan dan Jenis Kelamin, 2025",Kabupaten Tasikmalaya,Diploma III/Akta III/Sarjana Muda,Jumlah PNS - Perempuan,orang,2025,507,507,ada,BKPSDM
Pemerintahan,2.3.2,"Jumlah PNS Menurut Tingkat Pendidikan dan Jenis Kelamin, 2025",Kabupaten Tasikmalaya,Diploma III/Akta III/Sarjana Muda,Jumlah PNS - Jumlah,orang,2025,667,667,ada,BKPSDM
Pemerintahan,2.3.2,"Jumlah PNS Menurut Tingkat Pendidikan dan Jenis Kelamin, 2025",Kabupaten Tasikmalaya,Diploma IV/Akta IV,Jumlah PNS - Laki-laki,orang,2025,64,64,ada,BKPSDM
Pemerintahan,2.3.2,"Jumlah PNS Menurut Tingkat Pendidikan dan Jenis Kelamin, 2025",Kabupaten Tasikmalaya,Diploma IV/Akta IV,Jumlah PNS - Perempuan,orang,2025,188,188,ada,BKPSDM
Pemerintahan,2.3.2,"Jumlah PNS Menurut Tingkat Pendidikan dan Jenis Kelamin, 2025",Kabupaten Tasikmalaya,Diploma IV/Akta IV,Jumlah PNS - Jumlah,orang,2025,252,252,ada,BKPSDM
Pemerintahan,2.3.2,"Jumlah PNS Menurut Tingkat Pendidikan dan Jenis Kelamin, 2025",Kabupaten Tasikmalaya,S1/SarjanaUnder,Jumlah PNS - Laki-laki,orang,2025,2035,2.035,ada,BKPSDM
Pemerintahan,2.3.2,"Jumlah PNS Menurut Tingkat Pendidikan dan Jenis Kelamin, 2025",Kabupaten Tasikmalaya,S1/SarjanaUnder,Jumlah PNS - Perempuan,orang,2025,3242,3.242,ada,BKPSDM
Pemerintahan,2.3.2,"Jumlah PNS Menurut Tingkat Pendidikan dan Jenis Kelamin, 2025",Kabupaten Tasikmalaya,S1/SarjanaUnder,Jumlah PNS - Jumlah,orang,2025,5277,5.277,ada,BKPSDM
Pemerintahan,2.3.2,"Jumlah PNS Menurut Tingkat Pendidikan dan Jenis Kelamin, 2025",Kabupaten Tasikmalaya,S2/Pasca Sarjana,Jumlah PNS - Laki-laki,orang,2025,555,555,ada,BKPSDM
Pemerintahan,2.3.2,"Jumlah PNS Menurut Tingkat Pendidikan dan Jenis Kelamin, 2025",Kabupaten Tasikmalaya,S2/Pasca Sarjana,Jumlah PNS - Perempuan,orang,2025,406,406,ada,BKPSDM
Pemerintahan,2.3.2,"Jumlah PNS Menurut Tingkat Pendidikan dan Jenis Kelamin, 2025",Kabupaten Tasikmalaya,S2/Pasca Sarjana,Jumlah PNS - Jumlah,orang,2025,961,961,ada,BKPSDM
Pemerintahan,2.3.2,"Jumlah PNS Menurut Tingkat Pendidikan dan Jenis Kelamin, 2025",Kabupaten Tasikmalaya,S3/Doktor/Ph.D,Jumlah PNS - Laki-laki,orang,2025,3,3,ada,BKPSDM
Pemerintahan,2.3.2,"Jumlah PNS Menurut Tingkat Pendidikan dan Jenis Kelamin, 2025",Kabupaten Tasikmalaya,S3/Doktor/Ph.D,Jumlah PNS - Perempuan,orang,2025,2,2,ada,BKPSDM
Pemerintahan,2.3.2,"Jumlah PNS Menurut Tingkat Pendidikan dan Jenis Kelamin, 2025",Kabupaten Tasikmalaya,S3/Doktor/Ph.D,Jumlah PNS - Jumlah,orang,2025,5,5,ada,BKPSDM
Pemerintahan,2.3.2,"Jumlah PNS Menurut Tingkat Pendidikan dan Jenis Kelamin, 2025",Kabupaten Tasikmalaya,Kabupaten Tasikmalaya,Jumlah PNS - Laki-laki,orang,2025,3039,3.039,ada,BKPSDM
Pemerintahan,2.3.2,"Jumlah PNS Menurut Tingkat Pendidikan dan Jenis Kelamin, 2025",Kabupaten Tasikmalaya,Kabupaten Tasikmalaya,Jumlah PNS - Perempuan,orang,2025,4411,4.411,ada,BKPSDM
Pemerintahan,2.3.2,"Jumlah PNS Menurut Tingkat Pendidikan dan Jenis Kelamin, 2025",Kabupaten Tasikmalaya,Kabupaten Tasikmalaya,Jumlah PNS - Jumlah,orang,2025,7450,7.450,ada,BKPSDM
Pemerintahan,2.3.3,"Jumlah PNS Menurut Tingkat Kepangkatan dan Jenis Kelamin, 2025",Kabupaten Tasikmalaya,I/A (Juru Muda),Jumlah PNS - Laki-laki,orang,2025,,-,nihil,BKPSDM
Pemerintahan,2.3.3,"Jumlah PNS Menurut Tingkat Kepangkatan dan Jenis Kelamin, 2025",Kabupaten Tasikmalaya,I/A (Juru Muda),Jumlah PNS - Perempuan,orang,2025,,-,nihil,BKPSDM
Pemerintahan,2.3.3,"Jumlah PNS Menurut Tingkat Kepangkatan dan Jenis Kelamin, 2025",Kabupaten Tasikmalaya,I/A (Juru Muda),Jumlah PNS - Jumlah,orang,2025,,-,nihil,BKPSDM
Pemerintahan,2.3.3,"Jumlah PNS Menurut Tingkat Kepangkatan dan Jenis Kelamin, 2025",Kabupaten Tasikmalaya,I/B (Juru Muda Tingkat I),Jumlah PNS - Laki-laki,orang,2025,,-,nihil,BKPSDM
Pemerintahan,2.3.3,"Jumlah PNS Menurut Tingkat Kepangkatan dan Jenis Kelamin, 2025",Kabupaten Tasikmalaya,I/B (Juru Muda Tingkat I),Jumlah PNS - Perempuan,orang,2025,,-,nihil,BKPSDM
Pemerintahan,2.3.3,"Jumlah PNS Menurut Tingkat Kepangkatan dan Jenis Kelamin, 2025",Kabupaten Tasikmalaya,I/B (Juru Muda Tingkat I),Jumlah PNS - Jumlah,orang,2025,,-,nihil,BKPSDM
Pemerintahan,2.3.3,"Jumlah PNS Menurut Tingkat Kepangkatan dan Jenis Kelamin, 2025",Kabupaten Tasikmalaya,I/C (Juru),Jumlah PNS - Laki-laki,orang,2025,,-,nihil,BKPSDM
Pemerintahan,2.3.3,"Jumlah PNS Menurut Tingkat Kepangkatan dan Jenis Kelamin, 2025",Kabupaten Tasikmalaya,I/C (Juru),Jumlah PNS - Perempuan,orang,2025,,-,nihil,BKPSDM
Pemerintahan,2.3.3,"Jumlah PNS Menurut Tingkat Kepangkatan dan Jenis Kelamin, 2025",Kabupaten Tasikmalaya,I/C (Juru),Jumlah PNS - Jumlah,orang,2025,,-,nihil,BKPSDM
Pemerintahan,2.3.3,"Jumlah PNS Menurut Tingkat Kepangkatan dan Jenis Kelamin, 2025",Kabupaten Tasikmalaya,I/D (Juru Tingkat I),Jumlah PNS - Laki-laki,orang,2025,1,1,ada,BKPSDM
Pemerintahan,2.3.3,"Jumlah PNS Menurut Tingkat Kepangkatan dan Jenis Kelamin, 2025",Kabupaten Tasikmalaya,I/D (Juru Tingkat I),Jumlah PNS - Perempuan,orang,2025,,-,nihil,BKPSDM
Pemerintahan,2.3.3,"Jumlah PNS Menurut Tingkat Kepangkatan dan Jenis Kelamin, 2025",Kabupaten Tasikmalaya,I/D (Juru Tingkat I),Jumlah PNS - Jumlah,orang,2025,1,1,ada,BKPSDM
Pemerintahan,2.3.3,"Jumlah PNS Menurut Tingkat Kepangkatan dan Jenis Kelamin, 2025",Kabupaten Tasikmalaya,Golongan I/Range I,Jumlah PNS - Laki-laki,orang,2025,1,1,ada,BKPSDM
Pemerintahan,2.3.3,"Jumlah PNS Menurut Tingkat Kepangkatan dan Jenis Kelamin, 2025",Kabupaten Tasikmalaya,Golongan I/Range I,Jumlah PNS - Perempuan,orang,2025,,-,nihil,BKPSDM
Pemerintahan,2.3.3,"Jumlah PNS Menurut Tingkat Kepangkatan dan Jenis Kelamin, 2025",Kabupaten Tasikmalaya,Golongan I/Range I,Jumlah PNS - Jumlah,orang,2025,1,1,ada,BKPSDM
Pemerintahan,2.3.3,"Jumlah PNS Menurut Tingkat Kepangkatan dan Jenis Kelamin, 2025",Kabupaten Tasikmalaya,II/A (Pengatur Muda),Jumlah PNS - Laki-laki,orang,2025,8,8,ada,BKPSDM
Pemerintahan,2.3.3,"Jumlah PNS Menurut Tingkat Kepangkatan dan Jenis Kelamin, 2025",Kabupaten Tasikmalaya,II/A (Pengatur Muda),Jumlah PNS - Perempuan,orang,2025,,-,nihil,BKPSDM
Pemerintahan,2.3.3,"Jumlah PNS Menurut Tingkat Kepangkatan dan Jenis Kelamin, 2025",Kabupaten Tasikmalaya,II/A (Pengatur Muda),Jumlah PNS - Jumlah,orang,2025,8,8,ada,BKPSDM
Pemerintahan,2.3.3,"Jumlah PNS Menurut Tingkat Kepangkatan dan Jenis Kelamin, 2025",Kabupaten Tasikmalaya,II/B (Pengatur Muda Tingkat I),Jumlah PNS - Laki-laki,orang,2025,16,16,ada,BKPSDM
Pemerintahan,2.3.3,"Jumlah PNS Menurut Tingkat Kepangkatan dan Jenis Kelamin, 2025",Kabupaten Tasikmalaya,II/B (Pengatur Muda Tingkat I),Jumlah PNS - Perempuan,orang,2025,,-,nihil,BKPSDM
Pemerintahan,2.3.3,"Jumlah PNS Menurut Tingkat Kepangkatan dan Jenis Kelamin, 2025",Kabupaten Tasikmalaya,II/B (Pengatur Muda Tingkat I),Jumlah PNS - Jumlah,orang,2025,16,16,ada,BKPSDM
Pemerintahan,2.3.3,"Jumlah PNS Menurut Tingkat Kepangkatan dan Jenis Kelamin, 2025",Kabupaten Tasikmalaya,II/C (Pengatur),Jumlah PNS - Laki-laki,orang,2025,46,46,ada,BKPSDM
Pemerintahan,2.3.3,"Jumlah PNS Menurut Tingkat Kepangkatan dan Jenis Kelamin, 2025",Kabupaten Tasikmalaya,II/C (Pengatur),Jumlah PNS - Perempuan,orang,2025,17,17,ada,BKPSDM
Pemerintahan,2.3.3,"Jumlah PNS Menurut Tingkat Kepangkatan dan Jenis Kelamin, 2025",Kabupaten Tasikmalaya,II/C (Pengatur),Jumlah PNS - Jumlah,orang,2025,63,63,ada,BKPSDM
Pemerintahan,2.3.3,"Jumlah PNS Menurut Tingkat Kepangkatan dan Jenis Kelamin, 2025",Kabupaten Tasikmalaya,II/D (Pengatur Tingkat I),Jumlah PNS - Laki-laki,orang,2025,128,128,ada,BKPSDM
Pemerintahan,2.3.3,"Jumlah PNS Menurut Tingkat Kepangkatan dan Jenis Kelamin, 2025",Kabupaten Tasikmalaya,II/D (Pengatur Tingkat I),Jumlah PNS - Perempuan,orang,2025,195,195,ada,BKPSDM
Pemerintahan,2.3.3,"Jumlah PNS Menurut Tingkat Kepangkatan dan Jenis Kelamin, 2025",Kabupaten Tasikmalaya,II/D (Pengatur Tingkat I),Jumlah PNS - Jumlah,orang,2025,323,323,ada,BKPSDM
Pemerintahan,2.3.3,"Jumlah PNS Menurut Tingkat Kepangkatan dan Jenis Kelamin, 2025",Kabupaten Tasikmalaya,Golongan II/Range II,Jumlah PNS - Laki-laki,orang,2025,198,198,ada,BKPSDM
Pemerintahan,2.3.3,"Jumlah PNS Menurut Tingkat Kepangkatan dan Jenis Kelamin, 2025",Kabupaten Tasikmalaya,Golongan II/Range II,Jumlah PNS - Perempuan,orang,2025,212,212,ada,BKPSDM
Pemerintahan,2.3.3,"Jumlah PNS Menurut Tingkat Kepangkatan dan Jenis Kelamin, 2025",Kabupaten Tasikmalaya,Golongan II/Range II,Jumlah PNS - Jumlah,orang,2025,410,410,ada,BKPSDM
Pemerintahan,2.3.3,"Jumlah PNS Menurut Tingkat Kepangkatan dan Jenis Kelamin, 2025",Kabupaten Tasikmalaya,III/A (Penata Muda),Jumlah PNS - Laki-laki,orang,2025,159,159,ada,BKPSDM
Pemerintahan,2.3.3,"Jumlah PNS Menurut Tingkat Kepangkatan dan Jenis Kelamin, 2025",Kabupaten Tasikmalaya,III/A (Penata Muda),Jumlah PNS - Perempuan,orang,2025,190,190,ada,BKPSDM
Pemerintahan,2.3.3,"Jumlah PNS Menurut Tingkat Kepangkatan dan Jenis Kelamin, 2025",Kabupaten Tasikmalaya,III/A (Penata Muda),Jumlah PNS - Jumlah,orang,2025,349,349,ada,BKPSDM
Pemerintahan,2.3.3,"Jumlah PNS Menurut Tingkat Kepangkatan dan Jenis Kelamin, 2025",Kabupaten Tasikmalaya,III/B (Penata Muda Tingkat I),Jumlah PNS - Laki-laki,orang,2025,497,497,ada,BKPSDM
Pemerintahan,2.3.3,"Jumlah PNS Menurut Tingkat Kepangkatan dan Jenis Kelamin, 2025",Kabupaten Tasikmalaya,III/B (Penata Muda Tingkat I),Jumlah PNS - Perempuan,orang,2025,1017,1.017,ada,BKPSDM
Pemerintahan,2.3.3,"Jumlah PNS Menurut Tingkat Kepangkatan dan Jenis Kelamin, 2025",Kabupaten Tasikmalaya,III/B (Penata Muda Tingkat I),Jumlah PNS - Jumlah,orang,2025,1514,1.514,ada,BKPSDM
Pemerintahan,2.3.3,"Jumlah PNS Menurut Tingkat Kepangkatan dan Jenis Kelamin, 2025",Kabupaten Tasikmalaya,III/C (Penata),Jumlah PNS - Laki-laki,orang,2025,352,352,ada,BKPSDM
Pemerintahan,2.3.3,"Jumlah PNS Menurut Tingkat Kepangkatan dan Jenis Kelamin, 2025",Kabupaten Tasikmalaya,III/C (Penata),Jumlah PNS - Perempuan,orang,2025,413,413,ada,BKPSDM
Pemerintahan,2.3.3,"Jumlah PNS Menurut Tingkat Kepangkatan dan Jenis Kelamin, 2025",Kabupaten Tasikmalaya,III/C (Penata),Jumlah PNS - Jumlah,orang,2025,765,765,ada,BKPSDM
Pemerintahan,2.3.3,"Jumlah PNS Menurut Tingkat Kepangkatan dan Jenis Kelamin, 2025",Kabupaten Tasikmalaya,III/D (Penata Tingkat I),Jumlah PNS - Laki-laki,orang,2025,839,839,ada,BKPSDM
Pemerintahan,2.3.3,"Jumlah PNS Menurut Tingkat Kepangkatan dan Jenis Kelamin, 2025",Kabupaten Tasikmalaya,III/D (Penata Tingkat I),Jumlah PNS - Perempuan,orang,2025,1204,1.204,ada,BKPSDM
Pemerintahan,2.3.3,"Jumlah PNS Menurut Tingkat Kepangkatan dan Jenis Kelamin, 2025",Kabupaten Tasikmalaya,III/D (Penata Tingkat I),Jumlah PNS - Jumlah,orang,2025,2043,2.043,ada,BKPSDM
Pemerintahan,2.3.3,"Jumlah PNS Menurut Tingkat Kepangkatan dan Jenis Kelamin, 2025",Kabupaten Tasikmalaya,Golongan III/Range III,Jumlah PNS - Laki-laki,orang,2025,1847,1.847,ada,BKPSDM
Pemerintahan,2.3.3,"Jumlah PNS Menurut Tingkat Kepangkatan dan Jenis Kelamin, 2025",Kabupaten Tasikmalaya,Golongan III/Range III,Jumlah PNS - Perempuan,orang,2025,2824,2.824,ada,BKPSDM
Pemerintahan,2.3.3,"Jumlah PNS Menurut Tingkat Kepangkatan dan Jenis Kelamin, 2025",Kabupaten Tasikmalaya,Golongan III/Range III,Jumlah PNS - Jumlah,orang,2025,4671,4.671,ada,BKPSDM
Pemerintahan,2.3.3,"Jumlah PNS Menurut Tingkat Kepangkatan dan Jenis Kelamin, 2025",Kabupaten Tasikmalaya,IV/A (Pembina),Jumlah PNS - Laki-laki,orang,2025,486,486,ada,BKPSDM
Pemerintahan,2.3.3,"Jumlah PNS Menurut Tingkat Kepangkatan dan Jenis Kelamin, 2025",Kabupaten Tasikmalaya,IV/A (Pembina),Jumlah PNS - Perempuan,orang,2025,629,629,ada,BKPSDM
Pemerintahan,2.3.3,"Jumlah PNS Menurut Tingkat Kepangkatan dan Jenis Kelamin, 2025",Kabupaten Tasikmalaya,IV/A (Pembina),Jumlah PNS - Jumlah,orang,2025,1115,1.115,ada,BKPSDM
Pemerintahan,2.3.3,"Jumlah PNS Menurut Tingkat Kepangkatan dan Jenis Kelamin, 2025",Kabupaten Tasikmalaya,IV/B (Pembina Tingkat I),Jumlah PNS - Laki-laki,orang,2025,807,807,ada,BKPSDM
Pemerintahan,2.3.3,"Jumlah PNS Menurut Tingkat Kepangkatan dan Jenis Kelamin, 2025",Kabupaten Tasikmalaya,IV/B (Pembina Tingkat I),Jumlah PNS - Perempuan,orang,2025,1260,1260,ada,BKPSDM
Pemerintahan,2.3.3,"Jumlah PNS Menurut Tingkat Kepangkatan dan Jenis Kelamin, 2025",Kabupaten Tasikmalaya,IV/B (Pembina Tingkat I),Jumlah PNS - Jumlah,orang,2025,2067,2.067,ada,BKPSDM
Pemerintahan,2.3.3,"Jumlah PNS Menurut Tingkat Kepangkatan dan Jenis Kelamin, 2025",Kabupaten Tasikmalaya,IV/C (Pembina Utama Muda),Jumlah PNS - Laki-laki,orang,2025,112,112,ada,BKPSDM
Pemerintahan,2.3.3,"Jumlah PNS Menurut Tingkat Kepangkatan dan Jenis Kelamin, 2025",Kabupaten Tasikmalaya,IV/C (Pembina Utama Muda),Jumlah PNS - Perempuan,orang,2025,100,100,ada,BKPSDM
Pemerintahan,2.3.3,"Jumlah PNS Menurut Tingkat Kepangkatan dan Jenis Kelamin, 2025",Kabupaten Tasikmalaya,IV/C (Pembina Utama Muda),Jumlah PNS - Jumlah,orang,2025,212,212,ada,BKPSDM
Pemerintahan,2.3.3,"Jumlah PNS Menurut Tingkat Kepangkatan dan Jenis Kelamin, 2025",Kabupaten Tasikmalaya,IV/D (Pembina Utama Madya),Jumlah PNS - Laki-laki,orang,2025,2,2,ada,BKPSDM
Pemerintahan,2.3.3,"Jumlah PNS Menurut Tingkat Kepangkatan dan Jenis Kelamin, 2025",Kabupaten Tasikmalaya,IV/D (Pembina Utama Madya),Jumlah PNS - Perempuan,orang,2025,,-,nihil,BKPSDM
Pemerintahan,2.3.3,"Jumlah PNS Menurut Tingkat Kepangkatan dan Jenis Kelamin, 2025",Kabupaten Tasikmalaya,IV/D (Pembina Utama Madya),Jumlah PNS - Jumlah,orang,2025,2,2,ada,BKPSDM
Pemerintahan,2.3.3,"Jumlah PNS Menurut Tingkat Kepangkatan dan Jenis Kelamin, 2025",Kabupaten Tasikmalaya,IV/E (Pembina Utama),Jumlah PNS - Laki-laki,orang,2025,,-,nihil,BKPSDM
Pemerintahan,2.3.3,"Jumlah PNS Menurut Tingkat Kepangkatan dan Jenis Kelamin, 2025",Kabupaten Tasikmalaya,IV/E (Pembina Utama),Jumlah PNS - Perempuan,orang,2025,,-,nihil,BKPSDM
Pemerintahan,2.3.3,"Jumlah PNS Menurut Tingkat Kepangkatan dan Jenis Kelamin, 2025",Kabupaten Tasikmalaya,IV/E (Pembina Utama),Jumlah PNS - Jumlah,orang,2025,,-,nihil,BKPSDM
Pemerintahan,2.3.3,"Jumlah PNS Menurut Tingkat Kepangkatan dan Jenis Kelamin, 2025",Kabupaten Tasikmalaya,Golongan IV/Range IV,Jumlah PNS - Laki-laki,orang,2025,993,993,ada,BKPSDM
Pemerintahan,2.3.3,"Jumlah PNS Menurut Tingkat Kepangkatan dan Jenis Kelamin, 2025",Kabupaten Tasikmalaya,Golongan IV/Range IV,Jumlah PNS - Perempuan,orang,2025,1375,1.375,ada,BKPSDM
Pemerintahan,2.3.3,"Jumlah PNS Menurut Tingkat Kepangkatan dan Jenis Kelamin, 2025",Kabupaten Tasikmalaya,Golongan IV/Range IV,Jumlah PNS - Jumlah,orang,2025,2368,2.368,ada,BKPSDM
Pemerintahan,2.3.3,"Jumlah PNS Menurut Tingkat Kepangkatan dan Jenis Kelamin, 2025",Kabupaten Tasikmalaya,Kabupaten Tasikmalaya,Jumlah PNS - Laki-laki,orang,2025,3039,3.039,ada,BKPSDM
Pemerintahan,2.3.3,"Jumlah PNS Menurut Tingkat Kepangkatan dan Jenis Kelamin, 2025",Kabupaten Tasikmalaya,Kabupaten Tasikmalaya,Jumlah PNS - Perempuan,orang,2025,4411,4.411,ada,BKPSDM
Pemerintahan,2.3.3,"Jumlah PNS Menurut Tingkat Kepangkatan dan Jenis Kelamin, 2025",Kabupaten Tasikmalaya,Kabupaten Tasikmalaya,Jumlah PNS - Jumlah,orang,2025,14900,14.900,ada,BKPSDM
Pemerintahan,2.4.1,"Realisasi Keuangan Pemerintah Kabupaten Tasikmalaya Menurut Jenis (ribu rupiah), 2024-2025",Kabupaten Tasikmalaya,1. Pendapatan Daerah/Regional Revenue,Realisasi Keuangan Pemerintah,ribu rupiah,2024,566540362910.8,"566.540.362.910,80",ada,
Pemerintahan,2.4.1,"Realisasi Keuangan Pemerintah Kabupaten Tasikmalaya Menurut Jenis (ribu rupiah), 2024-2025",Kabupaten Tasikmalaya,1. Pendapatan Daerah/Regional Revenue,Realisasi Keuangan Pemerintah,ribu rupiah,2025,3431340996046.44,"3.431.340.996.046,44",ada,
Pemerintahan,2.4.1,"Realisasi Keuangan Pemerintah Kabupaten Tasikmalaya Menurut Jenis (ribu rupiah), 2024-2025",Kabupaten Tasikmalaya,1.1 Pendapatan Asli Daerah (PAD)/Local Own-source,Realisasi Keuangan Pemerintah,ribu rupiah,2024,358951018708.8,"358.951.018.708,80",ada,
Pemerintahan,2.4.1,"Realisasi Keuangan Pemerintah Kabupaten Tasikmalaya Menurut Jenis (ribu rupiah), 2024-2025",Kabupaten Tasikmalaya,1.1 Pendapatan Asli Daerah (PAD)/Local Own-source,Realisasi Keuangan Pemerintah,ribu rupiah,2025,436070469702.44,"436.070.469.702,44",ada,
Pemerintahan,2.4.1,"Realisasi Keuangan Pemerintah Kabupaten Tasikmalaya Menurut Jenis (ribu rupiah), 2024-2025",Kabupaten Tasikmalaya,1.1.1 Pajak Daerah/Regional Tax,Realisasi Keuangan Pemerintah,ribu rupiah,2024,104138533398,"104.138.533.398,00",ada,
Pemerintahan,2.4.1,"Realisasi Keuangan Pemerintah Kabupaten Tasikmalaya Menurut Jenis (ribu rupiah), 2024-2025",Kabupaten Tasikmalaya,1.1.1 Pajak Daerah/Regional Tax,Realisasi Keuangan Pemerintah,ribu rupiah,2025,167182537897,"167.182.537.897,00",ada,
Pemerintahan,2.4.1,"Realisasi Keuangan Pemerintah Kabupaten Tasikmalaya Menurut Jenis (ribu rupiah), 2024-2025",Kabupaten Tasikmalaya,1.1.2 Retribusi Daerah/Regional Retribution,Realisasi Keuangan Pemerintah,ribu rupiah,2024,217094989467.97,"217.094.989.467,97",ada,
Pemerintahan,2.4.1,"Realisasi Keuangan Pemerintah Kabupaten Tasikmalaya Menurut Jenis (ribu rupiah), 2024-2025",Kabupaten Tasikmalaya,1.1.2 Retribusi Daerah/Regional Retribution,Realisasi Keuangan Pemerintah,ribu rupiah,2025,29386118187.93,"29.386.118.187,93",ada,
Pemerintahan,2.4.1,"Realisasi Keuangan Pemerintah Kabupaten Tasikmalaya Menurut Jenis (ribu rupiah), 2024-2025",Kabupaten Tasikmalaya,1.1.3 Hasil Perusahaan Milik Daerah dan Pengelolaan,Realisasi Keuangan Pemerintah,ribu rupiah,2024,25815979302,"25.815.979.302,00",ada,
Pemerintahan,2.4.1,"Realisasi Keuangan Pemerintah Kabupaten Tasikmalaya Menurut Jenis (ribu rupiah), 2024-2025",Kabupaten Tasikmalaya,1.1.3 Hasil Perusahaan Milik Daerah dan Pengelolaan,Realisasi Keuangan Pemerintah,ribu rupiah,2025,21772982444,"21.772.982.444,00",ada,
Pemerintahan,2.4.1,"Realisasi Keuangan Pemerintah Kabupaten Tasikmalaya Menurut Jenis (ribu rupiah), 2024-2025",Kabupaten Tasikmalaya,1.1.4 Lain-lain PAD yang Sah/Other Regional Revenue,Realisasi Keuangan Pemerintah,ribu rupiah,2024,11901516540.83,"11.901.516.540,83",ada,
Pemerintahan,2.4.1,"Realisasi Keuangan Pemerintah Kabupaten Tasikmalaya Menurut Jenis (ribu rupiah), 2024-2025",Kabupaten Tasikmalaya,1.1.4 Lain-lain PAD yang Sah/Other Regional Revenue,Realisasi Keuangan Pemerintah,ribu rupiah,2025,217728831173.51,"217.728.831.173,51",ada,
Pemerintahan,2.4.1,"Realisasi Keuangan Pemerintah Kabupaten Tasikmalaya Menurut Jenis (ribu rupiah), 2024-2025",Kabupaten Tasikmalaya,1.2 Pendapatan Transfer/ Transfer Revenue,Realisasi Keuangan Pemerintah,ribu rupiah,2024,3202211167547,"3.202.211.167.547,00",ada,
Pemerintahan,2.4.1,"Realisasi Keuangan Pemerintah Kabupaten Tasikmalaya Menurut Jenis (ribu rupiah), 2024-2025",Kabupaten Tasikmalaya,1.2 Pendapatan Transfer/ Transfer Revenue,Realisasi Keuangan Pemerintah,ribu rupiah,2025,2970017931511,"2.970.017.931.511,00",ada,
Pemerintahan,2.4.1,"Realisasi Keuangan Pemerintah Kabupaten Tasikmalaya Menurut Jenis (ribu rupiah), 2024-2025",Kabupaten Tasikmalaya,1.2.1 Pendapatan Transfer Pemerintah Pusat/ Central,Realisasi Keuangan Pemerintah,ribu rupiah,2024,2894758114030,"2.894.758.114.030,00",ada,
Pemerintahan,2.4.1,"Realisasi Keuangan Pemerintah Kabupaten Tasikmalaya Menurut Jenis (ribu rupiah), 2024-2025",Kabupaten Tasikmalaya,1.2.1 Pendapatan Transfer Pemerintah Pusat/ Central,Realisasi Keuangan Pemerintah,ribu rupiah,2025,2749641851506,"2.749.641.851.506,00",ada,
Pemerintahan,2.4.1,"Realisasi Keuangan Pemerintah Kabupaten Tasikmalaya Menurut Jenis (ribu rupiah), 2024-2025",Kabupaten Tasikmalaya,1.2.1.1 Dana Perimbangan/ Balancing Fund,Realisasi Keuangan Pemerintah,ribu rupiah,2024,2472812378030,"2.472.812.378.030,00",ada,
Pemerintahan,2.4.1,"Realisasi Keuangan Pemerintah Kabupaten Tasikmalaya Menurut Jenis (ribu rupiah), 2024-2025",Kabupaten Tasikmalaya,1.2.1.1 Dana Perimbangan/ Balancing Fund,Realisasi Keuangan Pemerintah,ribu rupiah,2025,2374016305076,"2.374.016.305.076,00",ada,
Pemerintahan,2.4.1,"Realisasi Keuangan Pemerintah Kabupaten Tasikmalaya Menurut Jenis (ribu rupiah), 2024-2025",Kabupaten Tasikmalaya,1.2.1.2 Dana Insentif Daerah (DID)/ Regional Incentive Fund,Realisasi Keuangan Pemerintah,ribu rupiah,2024,0,"0,00",ada,
Pemerintahan,2.4.1,"Realisasi Keuangan Pemerintah Kabupaten Tasikmalaya Menurut Jenis (ribu rupiah), 2024-2025",Kabupaten Tasikmalaya,1.2.1.2 Dana Insentif Daerah (DID)/ Regional Incentive Fund,Realisasi Keuangan Pemerintah,ribu rupiah,2025,0,"0,00",ada,
Pemerintahan,2.4.1,"Realisasi Keuangan Pemerintah Kabupaten Tasikmalaya Menurut Jenis (ribu rupiah), 2024-2025",Kabupaten Tasikmalaya,1.2.1.3 Dana Desa/ Village Fund,Realisasi Keuangan Pemerintah,ribu rupiah,2024,406854234000,"406.854.234.000,00",ada,
Pemerintahan,2.4.1,"Realisasi Keuangan Pemerintah Kabupaten Tasikmalaya Menurut Jenis (ribu rupiah), 2024-2025",Kabupaten Tasikmalaya,1.2.1.3 Dana Desa/ Village Fund,Realisasi Keuangan Pemerintah,ribu rupiah,2025,368495051430,"368.495.051.430,00",ada,
Pemerintahan,2.4.1,"Realisasi Keuangan Pemerintah Kabupaten Tasikmalaya Menurut Jenis (ribu rupiah), 2024-2025",Kabupaten Tasikmalaya,1.2.1.4 Insentif Fiskal,Realisasi Keuangan Pemerintah,ribu rupiah,2024,15091502000,"15.091.502.000,00",ada,
Pemerintahan,2.4.1,"Realisasi Keuangan Pemerintah Kabupaten Tasikmalaya Menurut Jenis (ribu rupiah), 2024-2025",Kabupaten Tasikmalaya,1.2.1.4 Insentif Fiskal,Realisasi Keuangan Pemerintah,ribu rupiah,2025,7130495000,"7.130.495.000,00",ada,
Pemerintahan,2.4.1,"Realisasi Keuangan Pemerintah Kabupaten Tasikmalaya Menurut Jenis (ribu rupiah), 2024-2025",Kabupaten Tasikmalaya,1.2.2 Pendapatan Transfer Antar Daerah/Inter-Regional,Realisasi Keuangan Pemerintah,ribu rupiah,2024,307453053517,"307.453.053.517,00",ada,
Pemerintahan,2.4.1,"Realisasi Keuangan Pemerintah Kabupaten Tasikmalaya Menurut Jenis (ribu rupiah), 2024-2025",Kabupaten Tasikmalaya,1.2.2 Pendapatan Transfer Antar Daerah/Inter-Regional,Realisasi Keuangan Pemerintah,ribu rupiah,2025,220376080005,"220.376.080.005,00",ada,
Pemerintahan,2.4.1,"Realisasi Keuangan Pemerintah Kabupaten Tasikmalaya Menurut Jenis (ribu rupiah), 2024-2025",Kabupaten Tasikmalaya,1.2.2.1 Pendapatan Bagi Hasil/Profit Sharing Revenue,Realisasi Keuangan Pemerintah,ribu rupiah,2024,200428161317,"200.428.161.317,00",ada,
Pemerintahan,2.4.1,"Realisasi Keuangan Pemerintah Kabupaten Tasikmalaya Menurut Jenis (ribu rupiah), 2024-2025",Kabupaten Tasikmalaya,1.2.2.1 Pendapatan Bagi Hasil/Profit Sharing Revenue,Realisasi Keuangan Pemerintah,ribu rupiah,2025,163189606805,"163.189.606.805,00",ada,
Pemerintahan,2.4.1,"Realisasi Keuangan Pemerintah Kabupaten Tasikmalaya Menurut Jenis (ribu rupiah), 2024-2025",Kabupaten Tasikmalaya,1.2.2.2 Bantuan Keuangan/Financial Assistance,Realisasi Keuangan Pemerintah,ribu rupiah,2024,107024892200,"107.024.892.200,00",ada,
Pemerintahan,2.4.1,"Realisasi Keuangan Pemerintah Kabupaten Tasikmalaya Menurut Jenis (ribu rupiah), 2024-2025",Kabupaten Tasikmalaya,1.2.2.2 Bantuan Keuangan/Financial Assistance,Realisasi Keuangan Pemerintah,ribu rupiah,2025,57186473200,"57.186.473.200,00",ada,
Pemerintahan,2.4.1,"Realisasi Keuangan Pemerintah Kabupaten Tasikmalaya Menurut Jenis (ribu rupiah), 2024-2025",Kabupaten Tasikmalaya,1.3 Lain-lain Pendapatan Daerah yang Sah/Other,Realisasi Keuangan Pemerintah,ribu rupiah,2024,5378176655,"5.378.176.655,00",ada,
Pemerintahan,2.4.1,"Realisasi Keuangan Pemerintah Kabupaten Tasikmalaya Menurut Jenis (ribu rupiah), 2024-2025",Kabupaten Tasikmalaya,1.3 Lain-lain Pendapatan Daerah yang Sah/Other,Realisasi Keuangan Pemerintah,ribu rupiah,2025,25252594833,"25.252.594.833,00",ada,
Pemerintahan,2.4.1,"Realisasi Keuangan Pemerintah Kabupaten Tasikmalaya Menurut Jenis (ribu rupiah), 2024-2025",Kabupaten Tasikmalaya,1.3.1 Pendapatan Hibah - LRA,Realisasi Keuangan Pemerintah,ribu rupiah,2024,5378176655,"5.378.176.655,00",ada,
Pemerintahan,2.4.1,"Realisasi Keuangan Pemerintah Kabupaten Tasikmalaya Menurut Jenis (ribu rupiah), 2024-2025",Kabupaten Tasikmalaya,1.3.1 Pendapatan Hibah - LRA,Realisasi Keuangan Pemerintah,ribu rupiah,2025,24803980846,"24.803.980.846,00",ada,
Pemerintahan,2.4.1,"Realisasi Keuangan Pemerintah Kabupaten Tasikmalaya Menurut Jenis (ribu rupiah), 2024-2025",Kabupaten Tasikmalaya,1.3.2 Lain-lain Pendapatan Sesuai dengan Ketentuan,Realisasi Keuangan Pemerintah,ribu rupiah,2024,0,"0,00",ada,
Pemerintahan,2.4.1,"Realisasi Keuangan Pemerintah Kabupaten Tasikmalaya Menurut Jenis (ribu rupiah), 2024-2025",Kabupaten Tasikmalaya,1.3.2 Lain-lain Pendapatan Sesuai dengan Ketentuan,Realisasi Keuangan Pemerintah,ribu rupiah,2025,448613987,"448.613.987,00",ada,
Pemerintahan,2.4.1,"Realisasi Keuangan Pemerintah Kabupaten Tasikmalaya Menurut Jenis (ribu rupiah), 2024-2025",Kabupaten Tasikmalaya,2. Belanja Daerah/Regional Expenditure,Realisasi Keuangan Pemerintah,ribu rupiah,2024,3741552000360.49,"3.741.552.000.360,49",ada,
Pemerintahan,2.4.1,"Realisasi Keuangan Pemerintah Kabupaten Tasikmalaya Menurut Jenis (ribu rupiah), 2024-2025",Kabupaten Tasikmalaya,2. Belanja Daerah/Regional Expenditure,Realisasi Keuangan Pemerintah,ribu rupiah,2025,3348266750198.42,"3.348.266.750.198,42",ada,
Pemerintahan,2.4.1,"Realisasi Keuangan Pemerintah Kabupaten Tasikmalaya Menurut Jenis (ribu rupiah), 2024-2025",Kabupaten Tasikmalaya,2.1 Belanja Operasi/Operation Expenditure,Realisasi Keuangan Pemerintah,ribu rupiah,2024,2630302009078.49,"2.630.302.009.078,49",ada,
Pemerintahan,2.4.1,"Realisasi Keuangan Pemerintah Kabupaten Tasikmalaya Menurut Jenis (ribu rupiah), 2024-2025",Kabupaten Tasikmalaya,2.1 Belanja Operasi/Operation Expenditure,Realisasi Keuangan Pemerintah,ribu rupiah,2025,2497095422653.42,"2.497.095.422.653,42",ada,
Pemerintahan,2.4.1,"Realisasi Keuangan Pemerintah Kabupaten Tasikmalaya Menurut Jenis (ribu rupiah), 2024-2025",Kabupaten Tasikmalaya,2.1.1 Belanja Pegawai/ Personnel Expenditure,Realisasi Keuangan Pemerintah,ribu rupiah,2024,1410012558941,"1.410.012.558.941,00",ada,
Pemerintahan,2.4.1,"Realisasi Keuangan Pemerintah Kabupaten Tasikmalaya Menurut Jenis (ribu rupiah), 2024-2025",Kabupaten Tasikmalaya,2.1.1 Belanja Pegawai/ Personnel Expenditure,Realisasi Keuangan Pemerintah,ribu rupiah,2025,1474798277694,"1.474.798.277.694,00",ada,
Pemerintahan,2.4.1,"Realisasi Keuangan Pemerintah Kabupaten Tasikmalaya Menurut Jenis (ribu rupiah), 2024-2025",Kabupaten Tasikmalaya,2.1.2 Belanja Barang dan Jasa/Goods and Services,Realisasi Keuangan Pemerintah,ribu rupiah,2024,971819413065.49,"971.819.413.065,49",ada,
Pemerintahan,2.4.1,"Realisasi Keuangan Pemerintah Kabupaten Tasikmalaya Menurut Jenis (ribu rupiah), 2024-2025",Kabupaten Tasikmalaya,2.1.2 Belanja Barang dan Jasa/Goods and Services,Realisasi Keuangan Pemerintah,ribu rupiah,2025,876849568986.42,"876.849.568.986,42",ada,
Pemerintahan,2.4.1,"Realisasi Keuangan Pemerintah Kabupaten Tasikmalaya Menurut Jenis (ribu rupiah), 2024-2025",Kabupaten Tasikmalaya,2.1.3 Belanja Hibah/Grant Expenditure,Realisasi Keuangan Pemerintah,ribu rupiah,2024,242165537072,"242.165.537.072,00",ada,
Pemerintahan,2.4.1,"Realisasi Keuangan Pemerintah Kabupaten Tasikmalaya Menurut Jenis (ribu rupiah), 2024-2025",Kabupaten Tasikmalaya,2.1.3 Belanja Hibah/Grant Expenditure,Realisasi Keuangan Pemerintah,ribu rupiah,2025,140542775973,"140.542.775.973,00",ada,
Pemerintahan,2.4.1,"Realisasi Keuangan Pemerintah Kabupaten Tasikmalaya Menurut Jenis (ribu rupiah), 2024-2025",Kabupaten Tasikmalaya,2.1.4 Belanja Bantuan Sosial/Social Assistance Expenditure,Realisasi Keuangan Pemerintah,ribu rupiah,2024,6304500000,"6.304.500.000,00",ada,
Pemerintahan,2.4.1,"Realisasi Keuangan Pemerintah Kabupaten Tasikmalaya Menurut Jenis (ribu rupiah), 2024-2025",Kabupaten Tasikmalaya,2.1.4 Belanja Bantuan Sosial/Social Assistance Expenditure,Realisasi Keuangan Pemerintah,ribu rupiah,2025,4904800000,"4.904.800.000,00",ada,
Pemerintahan,2.4.1,"Realisasi Keuangan Pemerintah Kabupaten Tasikmalaya Menurut Jenis (ribu rupiah), 2024-2025",Kabupaten Tasikmalaya,2.2 Belanja Modal/ Capital Expenditure,Realisasi Keuangan Pemerintah,ribu rupiah,2024,421159805198,"421.159.805.198,00",ada,
Pemerintahan,2.4.1,"Realisasi Keuangan Pemerintah Kabupaten Tasikmalaya Menurut Jenis (ribu rupiah), 2024-2025",Kabupaten Tasikmalaya,2.2 Belanja Modal/ Capital Expenditure,Realisasi Keuangan Pemerintah,ribu rupiah,2025,197967119593,"197.967.119.593,00",ada,
Pemerintahan,2.4.1,"Realisasi Keuangan Pemerintah Kabupaten Tasikmalaya Menurut Jenis (ribu rupiah), 2024-2025",Kabupaten Tasikmalaya,2.2.1 Belanja Modal Tanah/Land Capital Expenditure,Realisasi Keuangan Pemerintah,ribu rupiah,2024,2802517200,"2.802.517.200,00",ada,
Pemerintahan,2.4.1,"Realisasi Keuangan Pemerintah Kabupaten Tasikmalaya Menurut Jenis (ribu rupiah), 2024-2025",Kabupaten Tasikmalaya,2.2.1 Belanja Modal Tanah/Land Capital Expenditure,Realisasi Keuangan Pemerintah,ribu rupiah,2025,811788236,"811.788.236,00",ada,
Pemerintahan,2.4.1,"Realisasi Keuangan Pemerintah Kabupaten Tasikmalaya Menurut Jenis (ribu rupiah), 2024-2025",Kabupaten Tasikmalaya,2.2.2 Belanja Modal Peralatan dan Mesin/Equipment and,Realisasi Keuangan Pemerintah,ribu rupiah,2024,126631707661,"126.631.707.661,00",ada,
Pemerintahan,2.4.1,"Realisasi Keuangan Pemerintah Kabupaten Tasikmalaya Menurut Jenis (ribu rupiah), 2024-2025",Kabupaten Tasikmalaya,2.2.2 Belanja Modal Peralatan dan Mesin/Equipment and,Realisasi Keuangan Pemerintah,ribu rupiah,2025,80747897307,"80.747.897.307,00",ada,
Pemerintahan,2.4.1,"Realisasi Keuangan Pemerintah Kabupaten Tasikmalaya Menurut Jenis (ribu rupiah), 2024-2025",Kabupaten Tasikmalaya,2.2.3 Belanja Modal Gedung dan Bangunan/Building and,Realisasi Keuangan Pemerintah,ribu rupiah,2024,91942929583,"91.942.929.583,00",ada,
Pemerintahan,2.4.1,"Realisasi Keuangan Pemerintah Kabupaten Tasikmalaya Menurut Jenis (ribu rupiah), 2024-2025",Kabupaten Tasikmalaya,2.2.3 Belanja Modal Gedung dan Bangunan/Building and,Realisasi Keuangan Pemerintah,ribu rupiah,2025,22276586540,"22.276.586.540,00",ada,
Pemerintahan,2.4.1,"Realisasi Keuangan Pemerintah Kabupaten Tasikmalaya Menurut Jenis (ribu rupiah), 2024-2025",Kabupaten Tasikmalaya,"2.2.4 Belanja Modal Jalan, Irigasi dan Jaringan/ Roads,",Realisasi Keuangan Pemerintah,ribu rupiah,2024,164385225451,"164.385.225.451,00",ada,
Pemerintahan,2.4.1,"Realisasi Keuangan Pemerintah Kabupaten Tasikmalaya Menurut Jenis (ribu rupiah), 2024-2025",Kabupaten Tasikmalaya,"2.2.4 Belanja Modal Jalan, Irigasi dan Jaringan/ Roads,",Realisasi Keuangan Pemerintah,ribu rupiah,2025,65742668155,"65.742.668.155,00",ada,
Pemerintahan,2.4.1,"Realisasi Keuangan Pemerintah Kabupaten Tasikmalaya Menurut Jenis (ribu rupiah), 2024-2025",Kabupaten Tasikmalaya,2.2.5 Belanja Modal Aset Tetap Lainnya/Other Fixed Assets,Realisasi Keuangan Pemerintah,ribu rupiah,2024,35397425303,"35.397.425.303,00",ada,
Pemerintahan,2.4.1,"Realisasi Keuangan Pemerintah Kabupaten Tasikmalaya Menurut Jenis (ribu rupiah), 2024-2025",Kabupaten Tasikmalaya,2.2.5 Belanja Modal Aset Tetap Lainnya/Other Fixed Assets,Realisasi Keuangan Pemerintah,ribu rupiah,2025,28388179355,"28.388.179.355,00",ada,
Pemerintahan,2.4.1,"Realisasi Keuangan Pemerintah Kabupaten Tasikmalaya Menurut Jenis (ribu rupiah), 2024-2025",Kabupaten Tasikmalaya,2.3 Belanja Tak Terduga/Unpredictabel Expenditure,Realisasi Keuangan Pemerintah,ribu rupiah,2024,26020100684,"26.020.100.684,00",ada,
Pemerintahan,2.4.1,"Realisasi Keuangan Pemerintah Kabupaten Tasikmalaya Menurut Jenis (ribu rupiah), 2024-2025",Kabupaten Tasikmalaya,2.3 Belanja Tak Terduga/Unpredictabel Expenditure,Realisasi Keuangan Pemerintah,ribu rupiah,2025,27740237775,"27.740.237.775,00",ada,
Pemerintahan,2.4.1,"Realisasi Keuangan Pemerintah Kabupaten Tasikmalaya Menurut Jenis (ribu rupiah), 2024-2025",Kabupaten Tasikmalaya,2.3.1 Belanja Tak Terduga/Unpredictabel,Realisasi Keuangan Pemerintah,ribu rupiah,2024,26020100684,"26.020.100.684,00",ada,
Pemerintahan,2.4.1,"Realisasi Keuangan Pemerintah Kabupaten Tasikmalaya Menurut Jenis (ribu rupiah), 2024-2025",Kabupaten Tasikmalaya,2.3.1 Belanja Tak Terduga/Unpredictabel,Realisasi Keuangan Pemerintah,ribu rupiah,2025,27740237775,"27.740.237.775,00",ada,
Pemerintahan,2.4.1,"Realisasi Keuangan Pemerintah Kabupaten Tasikmalaya Menurut Jenis (ribu rupiah), 2024-2025",Kabupaten Tasikmalaya,2.4 Belanja Transfer/Transfer Expenditure,Realisasi Keuangan Pemerintah,ribu rupiah,2024,664070085400,"664.070.085.400,00",ada,BPKPD
Pemerintahan,2.4.1,"Realisasi Keuangan Pemerintah Kabupaten Tasikmalaya Menurut Jenis (ribu rupiah), 2024-2025",Kabupaten Tasikmalaya,2.4 Belanja Transfer/Transfer Expenditure,Realisasi Keuangan Pemerintah,ribu rupiah,2025,625463970177,"625.463.970.177,00",ada,BPKPD
Pemerintahan,2.4.1,"Realisasi Keuangan Pemerintah Kabupaten Tasikmalaya Menurut Jenis (ribu rupiah), 2024-2025",Kabupaten Tasikmalaya,2.4.1 Belanja Bagi Hasil/Profit Shsring Expenditure,Realisasi Keuangan Pemerintah,ribu rupiah,2024,11919051400,"11.919.051.400,00",ada,BPKPD
Pemerintahan,2.4.1,"Realisasi Keuangan Pemerintah Kabupaten Tasikmalaya Menurut Jenis (ribu rupiah), 2024-2025",Kabupaten Tasikmalaya,2.4.1 Belanja Bagi Hasil/Profit Shsring Expenditure,Realisasi Keuangan Pemerintah,ribu rupiah,2025,11105600000,"11.105.600.000,00",ada,BPKPD
Pemerintahan,2.4.1,"Realisasi Keuangan Pemerintah Kabupaten Tasikmalaya Menurut Jenis (ribu rupiah), 2024-2025",Kabupaten Tasikmalaya,2.4.2 Belanja Bantuan Keuangan/ Assistance Finance,Realisasi Keuangan Pemerintah,ribu rupiah,2024,652151034000,"652.151.034.000,00",ada,BPKPD
Pemerintahan,2.4.1,"Realisasi Keuangan Pemerintah Kabupaten Tasikmalaya Menurut Jenis (ribu rupiah), 2024-2025",Kabupaten Tasikmalaya,2.4.2 Belanja Bantuan Keuangan/ Assistance Finance,Realisasi Keuangan Pemerintah,ribu rupiah,2025,614358370177,"614.358.370.177,00",ada,BPKPD
Pemerintahan,2.4.1,"Realisasi Keuangan Pemerintah Kabupaten Tasikmalaya Menurut Jenis (ribu rupiah), 2024-2025",Kabupaten Tasikmalaya,Surplus/ (Defisit),Realisasi Keuangan Pemerintah,ribu rupiah,2024,-175011637449.69,"(175.011.637.449,69)",ada,BPKPD
Pemerintahan,2.4.1,"Realisasi Keuangan Pemerintah Kabupaten Tasikmalaya Menurut Jenis (ribu rupiah), 2024-2025",Kabupaten Tasikmalaya,Surplus/ (Defisit),Realisasi Keuangan Pemerintah,ribu rupiah,2025,83074245848.02,"83.074.245.848,02",ada,BPKPD
Pemerintahan,2.4.1,"Realisasi Keuangan Pemerintah Kabupaten Tasikmalaya Menurut Jenis (ribu rupiah), 2024-2025",Kabupaten Tasikmalaya,3.1 Penerimaan Pembiayaan/Financing Revenue,Realisasi Keuangan Pemerintah,ribu rupiah,2024,269375603676.27,"269.375.603.676,27",ada,BPKPD
Pemerintahan,2.4.1,"Realisasi Keuangan Pemerintah Kabupaten Tasikmalaya Menurut Jenis (ribu rupiah), 2024-2025",Kabupaten Tasikmalaya,3.1 Penerimaan Pembiayaan/Financing Revenue,Realisasi Keuangan Pemerintah,ribu rupiah,2025,163964888791.58,"163.964.888.791,58",ada,BPKPD
Pemerintahan,2.4.1,"Realisasi Keuangan Pemerintah Kabupaten Tasikmalaya Menurut Jenis (ribu rupiah), 2024-2025",Kabupaten Tasikmalaya,Sebelumnya/ Remaining Balance of Previous Year,Realisasi Keuangan Pemerintah,ribu rupiah,2024,132951974135.27,"132.951.974.135,27",ada,BPKPD
Pemerintahan,2.4.1,"Realisasi Keuangan Pemerintah Kabupaten Tasikmalaya Menurut Jenis (ribu rupiah), 2024-2025",Kabupaten Tasikmalaya,Sebelumnya/ Remaining Balance of Previous Year,Realisasi Keuangan Pemerintah,ribu rupiah,2025,37940356685.58,"37.940.356.685,58",ada,BPKPD
Pemerintahan,2.4.1,"Realisasi Keuangan Pemerintah Kabupaten Tasikmalaya Menurut Jenis (ribu rupiah), 2024-2025",Kabupaten Tasikmalaya,3.2 Pengeluaran Pembiayaan/ Financing Expenditure,Realisasi Keuangan Pemerintah,ribu rupiah,2024,56423629541,"56.423.629.541,00",ada,BPKPD
Pemerintahan,2.4.1,"Realisasi Keuangan Pemerintah Kabupaten Tasikmalaya Menurut Jenis (ribu rupiah), 2024-2025",Kabupaten Tasikmalaya,3.2 Pengeluaran Pembiayaan/ Financing Expenditure,Realisasi Keuangan Pemerintah,ribu rupiah,2025,129803047353,"129.803.047.353,00",ada,BPKPD
Pemerintahan,2.4.1,"Realisasi Keuangan Pemerintah Kabupaten Tasikmalaya Menurut Jenis (ribu rupiah), 2024-2025",Kabupaten Tasikmalaya,3.2.1 Pembiayaan Cicilan Pokok/ Principal Installments,Realisasi Keuangan Pemerintah,ribu rupiah,2024,56423629541,"56.423.629.541,00",ada,BPKPD
Pemerintahan,2.4.1,"Realisasi Keuangan Pemerintah Kabupaten Tasikmalaya Menurut Jenis (ribu rupiah), 2024-2025",Kabupaten Tasikmalaya,3.2.1 Pembiayaan Cicilan Pokok/ Principal Installments,Realisasi Keuangan Pemerintah,ribu rupiah,2025,0,"0,00",ada,BPKPD
Pemerintahan,2.4.1,"Realisasi Keuangan Pemerintah Kabupaten Tasikmalaya Menurut Jenis (ribu rupiah), 2024-2025",Kabupaten Tasikmalaya,3.2.2 Pemberian Pinjaman Daerah/Granting Regional,Realisasi Keuangan Pemerintah,ribu rupiah,2024,0,"0,00",ada,BPKPD
Pemerintahan,2.4.1,"Realisasi Keuangan Pemerintah Kabupaten Tasikmalaya Menurut Jenis (ribu rupiah), 2024-2025",Kabupaten Tasikmalaya,3.2.2 Pemberian Pinjaman Daerah/Granting Regional,Realisasi Keuangan Pemerintah,ribu rupiah,2025,0,"0,00",ada,BPKPD
Pemerintahan,2.4.1,"Realisasi Keuangan Pemerintah Kabupaten Tasikmalaya Menurut Jenis (ribu rupiah), 2024-2025",Kabupaten Tasikmalaya,3.2.3 Pembentukan Dana Cadangan/Reserve Fund,Realisasi Keuangan Pemerintah,ribu rupiah,2024,0,"0,00",ada,BPKPD
Pemerintahan,2.4.1,"Realisasi Keuangan Pemerintah Kabupaten Tasikmalaya Menurut Jenis (ribu rupiah), 2024-2025",Kabupaten Tasikmalaya,3.2.3 Pembentukan Dana Cadangan/Reserve Fund,Realisasi Keuangan Pemerintah,ribu rupiah,2025,0,"0,00",ada,BPKPD
Pemerintahan,2.4.1,"Realisasi Keuangan Pemerintah Kabupaten Tasikmalaya Menurut Jenis (ribu rupiah), 2024-2025",Kabupaten Tasikmalaya,3.2.4 Penyertaan Modal Daerah/ Regional Capital,Realisasi Keuangan Pemerintah,ribu rupiah,2024,0,"0,00",ada,BPKPD
Pemerintahan,2.4.1,"Realisasi Keuangan Pemerintah Kabupaten Tasikmalaya Menurut Jenis (ribu rupiah), 2024-2025",Kabupaten Tasikmalaya,3.2.4 Penyertaan Modal Daerah/ Regional Capital,Realisasi Keuangan Pemerintah,ribu rupiah,2025,0,"0,00",ada,BPKPD
Pemerintahan,2.4.1,"Realisasi Keuangan Pemerintah Kabupaten Tasikmalaya Menurut Jenis (ribu rupiah), 2024-2025",Kabupaten Tasikmalaya,Pembiayaan Netto/Net Financing,Realisasi Keuangan Pemerintah,ribu rupiah,2024,212951974135.27,"212.951.974.135,27",ada,BPKPD
Pemerintahan,2.4.1,"Realisasi Keuangan Pemerintah Kabupaten Tasikmalaya Menurut Jenis (ribu rupiah), 2024-2025",Kabupaten Tasikmalaya,Pembiayaan Netto/Net Financing,Realisasi Keuangan Pemerintah,ribu rupiah,2025,34161841438.58,"34.161.841.438,58",ada,BPKPD
Pemerintahan,2.4.1,"Realisasi Keuangan Pemerintah Kabupaten Tasikmalaya Menurut Jenis (ribu rupiah), 2024-2025",Kabupaten Tasikmalaya,4. Sisa Lebih Pembayaran Anggaran (SILPA)/,Realisasi Keuangan Pemerintah,ribu rupiah,2024,37940336685.58,"37.940.336.685,58",ada,BPKPD
Pemerintahan,2.4.1,"Realisasi Keuangan Pemerintah Kabupaten Tasikmalaya Menurut Jenis (ribu rupiah), 2024-2025",Kabupaten Tasikmalaya,4. Sisa Lebih Pembayaran Anggaran (SILPA)/,Realisasi Keuangan Pemerintah,ribu rupiah,2025,117236087286.6,"117.236.087.286,60",ada,BPKPD
